id,company_id,year,sales,expenses,operating_profit,opm_percentage,other_income,interest,depreciation,profit_before_tax,tax_percentage,net_profit,eps,dividend_payout,total_assets,asset_turnover,asset_turnover_calculated,asset_turnover_match
61,ABB,Dec 2012,1653,1451,202.0,12.0,33,0,19,215,33.0,145,68.0,25.0,907,1.8225,1.82,True
62,ABB,Mar 2014,2276,2009,267.0,12.0,49,0,22,295,33.0,198,93.0,25.0,1139,1.9982,2.0,True
62,ABB,Mar 2014,2276,2009,267.0,12.0,49,0,22,295,33.0,198,93.0,25.0,1139,1.9982,2.0,True
63,ABB,Mar 2015,2289,1977,312.0,14.0,48,0,15,344,34.0,229,108.0,29.0,1374,1.6659,1.67,True
63,ABB,Mar 2015,2289,1977,312.0,14.0,48,0,15,344,34.0,229,108.0,29.0,1374,1.6659,1.67,True
64,ABB,Mar 2016,2614,2250,365.0,14.0,50,3,14,398,36.0,255,120.0,29.0,1616,1.6176,1.62,True
64,ABB,Mar 2016,2614,2250,365.0,14.0,50,3,14,398,36.0,255,120.0,29.0,1616,1.6176,1.62,True
65,ABB,Mar 2017,2903,2505,398.0,14.0,57,2,16,436,37.0,277,130.0,31.0,2066,1.4051,1.41,True
65,ABB,Mar 2017,2903,2505,398.0,14.0,57,2,16,436,37.0,277,130.0,31.0,2066,1.4051,1.41,True
66,ABB,Mar 2018,3298,2774,525.0,16.0,117,4,16,621,35.0,401,189.0,29.0,2416,1.3651,1.37,True
66,ABB,Mar 2018,3298,2774,525.0,16.0,117,4,16,621,35.0,401,189.0,29.0,2416,1.3651,1.37,True
67,ABB,Mar 2019,3679,3074,605.0,16.0,113,2,17,699,36.0,450,212.0,31.0,2941,1.2509,1.25,True
67,ABB,Mar 2019,3679,3074,605.0,16.0,113,2,17,699,36.0,450,212.0,31.0,2941,1.2509,1.25,True
68,ABB,Mar 2020,4093,3336,757.0,18.0,114,9,60,803,26.0,593,279.0,90.0,3547,1.1539,1.15,True
68,ABB,Mar 2020,4093,3336,757.0,18.0,114,9,60,803,26.0,593,279.0,90.0,3547,1.1539,1.15,True
69,ABB,Mar 2021,4310,3388,922.0,21.0,81,18,58,926,25.0,691,325.0,85.0,3840,1.1224,1.12,True
69,ABB,Mar 2021,4310,3388,922.0,21.0,81,18,58,926,25.0,691,325.0,85.0,3840,1.1224,1.12,True
70,ABB,Mar 2022,4913,3832,1082.0,22.0,83,19,66,1080,26.0,799,376.0,73.0,4224,1.1631,1.16,True
70,ABB,Mar 2022,4913,3832,1082.0,22.0,83,19,66,1080,26.0,799,376.0,73.0,4224,1.1631,1.16,True
71,ABB,Mar 2023,5349,4143,1206.0,23.0,154,16,70,1274,25.0,949,447.0,73.0,4556,1.1741,1.17,True
71,ABB,Mar 2023,5349,4143,1206.0,23.0,154,16,70,1274,25.0,949,447.0,73.0,4556,1.1741,1.17,True
72,ABB,Mar 2024,5849,4396,1453.0,25.0,248,12,71,1618,26.0,1201,565.0,73.0,5193,1.1263,1.13,True
72,ABB,Mar 2024,5849,4396,1453.0,25.0,248,12,71,1618,26.0,1201,565.0,73.0,5193,1.1263,1.13,True
86,ADANIENSOL,Mar 2014,0,0,0.0,,0,0,0,0,0.0,0,0.0,,0,,,False
87,ADANIENSOL,Mar 2015,131,29,101.0,78.0,3,73,37,-5,34.0,-7,0.0,0.0,11492,0.0114,0.01,True
88,ADANIENSOL,Mar 2016,2194,267,1927.0,88.0,70,957,560,480,23.0,368,3.0,0.0,11746,0.1868,0.19,True
89,ADANIENSOL,Mar 2017,2876,893,1983.0,69.0,22,904,569,532,22.0,416,4.0,0.0,12811,0.2245,0.22,True
90,ADANIENSOL,Mar 2018,3944,1118,2826.0,72.0,111,886,579,1472,22.0,1143,10.0,0.0,17265,0.2284,0.23,True
91,ADANIENSOL,Mar 2019,7305,4528,2778.0,38.0,336,1391,882,840,33.0,559,5.0,0.0,32558,0.2244,0.22,True
92,ADANIENSOL,Mar 2020,11416,7158,4258.0,37.0,261,2238,1174,1107,36.0,706,7.0,0.0,39711,0.2875,0.29,True
93,ADANIENSOL,Mar 2021,9926,5976,3950.0,40.0,1115,2117,1329,1620,20.0,1290,11.0,0.0,43234,0.2296,0.23,True
94,ADANIENSOL,Mar 2022,11258,7051,4206.0,37.0,1286,2365,1427,1700,27.0,1236,11.0,0.0,47464,0.2372,0.24,True
95,ADANIENSOL,Mar 2023,13293,8775,4518.0,34.0,1583,2781,1608,1712,25.0,1281,11.0,0.0,53932,0.2465,0.25,True
96,ADANIENSOL,Mar 2024,16607,10896,5711.0,30.0,611,2767,1776,1780,33.0,1196,10.0,0.0,58538,0.2837,0.28,True
98,ADANIENT,Mar 2013,46375,40354,6021.0,13.0,1775,3492,2298,2005,39.0,1218,15.0,10.0,111871,0.4145,0.41,True
99,ADANIENT,Mar 2014,54947,45564,9383.0,17.0,1157,5703,3223,1614,-64.0,2646,20.0,7.0,118102,0.4653,0.47,True
100,ADANIENT,Mar 2015,64465,52015,12450.0,19.0,792,7056,3522,2663,14.0,2298,18.0,8.0,130718,0.4932,0.49,True
101,ADANIENT,Mar 2016,34008,32325,1684.0,5.0,1044,1357,314,1056,7.0,1000,9.0,4.0,41679,0.816,0.82,True
102,ADANIENT,Mar 2017,36533,34631,1902.0,5.0,749,1257,315,1079,25.0,925,9.0,4.0,47611,0.7673,0.77,True
103,ADANIENT,Mar 2018,35924,33886,2038.0,6.0,363,1250,664,487,23.0,594,7.0,6.0,56405,0.6369,0.64,True
104,ADANIENT,Mar 2019,40379,38409,1969.0,5.0,504,1625,390,459,32.0,506,7.0,6.0,42536,0.9493,0.95,True
105,ADANIENT,Mar 2020,43403,41108,2294.0,5.0,872,1572,472,1122,29.0,1040,10.0,10.0,46875,0.9259,0.93,True
106,ADANIENT,Mar 2021,39537,37031,2506.0,6.0,494,1377,537,1086,31.0,1046,8.0,12.0,51617,0.766,0.77,True
107,ADANIENT,Mar 2022,69420,65707,3714.0,5.0,1012,2526,1248,952,50.0,788,7.0,14.0,101586,0.6834,0.68,True
108,ADANIENT,Mar 2023,127540,118722,8818.0,7.0,834,3969,2436,3247,32.0,2422,22.0,6.0,141278,0.9028,0.9,True
109,ADANIENT,Mar 2024,96421,85044,11377.0,12.0,1146,4555,3042,4926,33.0,3335,28.0,5.0,160586,0.6004,0.6,True
111,ADANIGREEN,Mar 2017,502,98,403.0,80.0,80,334,333,-184,-75.0,-47,0.0,0.0,6160,0.0815,0.08,True
112,ADANIGREEN,Mar 2018,1480,637,843.0,57.0,42,552,543,-210,-35.0,-138,-1.0,0.0,15709,0.0942,0.09,True
113,ADANIGREEN,Mar 2019,2058,532,1526.0,74.0,73,1121,1062,-585,-19.0,-475,-3.0,0.0,14658,0.1404,0.14,True
114,ADANIGREEN,Mar 2020,2549,1098,1450.0,57.0,-111,995,394,-50,23.0,-68,0.0,0.0,18424,0.1384,0.14,True
115,ADANIGREEN,Mar 2021,3124,883,2241.0,72.0,391,1953,486,193,6.0,182,1.0,0.0,28692,0.1089,0.11,True
116,ADANIGREEN,Mar 2022,5133,1621,3512.0,68.0,507,2617,849,553,12.0,489,3.0,0.0,58954,0.0871,0.09,True
117,ADANIGREEN,Mar 2023,7776,2806,4970.0,64.0,667,2911,1300,1426,32.0,973,6.0,0.0,66909,0.1162,0.12,True
118,ADANIGREEN,Mar 2024,9220,1902,7318.0,79.0,1262,5006,1903,1671,25.0,1260,7.0,0.0,88086,0.1047,0.1,True
120,ADANIPORTS,Mar 2013,3577,1195,2382.0,67.0,344,542,422,1762,7.0,1639,8.0,12.0,21035,0.17,0.17,True
120,ADANIPORTS,Mar 2013,3577,1195,2382.0,67.0,344,542,422,1762,7.0,1639,8.0,12.0,21035,0.17,0.17,True
121,ADANIPORTS,Mar 2014,4830,1910,2919.0,60.0,685,977,649,1978,12.0,1741,8.0,12.0,24677,0.1957,0.2,True
121,ADANIPORTS,Mar 2014,4830,1910,2919.0,60.0,685,977,649,1978,12.0,1741,8.0,12.0,24677,0.1957,0.2,True
122,ADANIPORTS,Mar 2015,6152,2250,3902.0,63.0,686,1175,912,2501,7.0,2324,11.0,10.0,32082,0.1918,0.19,True
122,ADANIPORTS,Mar 2015,6152,2250,3902.0,63.0,686,1175,912,2501,7.0,2324,11.0,10.0,32082,0.1918,0.19,True
123,ADANIPORTS,Mar 2016,7109,2532,4577.0,64.0,730,1124,1063,3119,9.0,2856,14.0,8.0,38385,0.1852,0.19,True
123,ADANIPORTS,Mar 2016,7109,2532,4577.0,64.0,730,1124,1063,3119,9.0,2856,14.0,8.0,38385,0.1852,0.19,True
124,ADANIPORTS,Mar 2017,8439,3021,5418.0,64.0,1037,1116,1160,4179,7.0,3902,19.0,7.0,43369,0.1946,0.19,True
124,ADANIPORTS,Mar 2017,8439,3021,5418.0,64.0,1037,1116,1160,4179,7.0,3902,19.0,7.0,43369,0.1946,0.19,True
125,ADANIPORTS,Mar 2018,11323,4166,7157.0,63.0,844,1579,1188,5234,30.0,3690,18.0,11.0,47233,0.2397,0.24,True
125,ADANIPORTS,Mar 2018,11323,4166,7157.0,63.0,844,1579,1188,5234,30.0,3690,18.0,11.0,47233,0.2397,0.24,True
126,ADANIPORTS,Mar 2019,10925,4330,6596.0,60.0,1289,1385,1373,5126,21.0,4045,19.0,1.0,56311,0.194,0.19,True
126,ADANIPORTS,Mar 2019,10925,4330,6596.0,60.0,1289,1385,1373,5126,21.0,4045,19.0,1.0,56311,0.194,0.19,True
127,ADANIPORTS,Mar 2020,11873,5926,5947.0,50.0,1928,1951,1680,4244,11.0,3785,19.0,17.0,61917,0.1918,0.19,True
127,ADANIPORTS,Mar 2020,11873,5926,5947.0,50.0,1928,1951,1680,4244,11.0,3785,19.0,17.0,61917,0.1918,0.19,True
128,ADANIPORTS,Mar 2021,12550,3862,8688.0,69.0,1967,2255,2107,6292,20.0,5049,25.0,20.0,74582,0.1683,0.17,True
128,ADANIPORTS,Mar 2021,12550,3862,8688.0,69.0,1967,2255,2107,6292,20.0,5049,25.0,20.0,74582,0.1683,0.17,True
129,ADANIPORTS,Mar 2022,17119,7591,9528.0,56.0,1832,2544,3099,5717,13.0,4953,23.0,22.0,98328,0.1741,0.17,True
129,ADANIPORTS,Mar 2022,17119,7591,9528.0,56.0,1832,2544,3099,5717,13.0,4953,23.0,22.0,98328,0.1741,0.17,True
130,ADANIPORTS,Mar 2023,20852,9905,10947.0,52.0,327,2363,3425,5487,2.0,5391,25.0,20.0,112563,0.1852,0.19,True
130,ADANIPORTS,Mar 2023,20852,9905,10947.0,52.0,327,2363,3425,5487,2.0,5391,25.0,20.0,112563,0.1852,0.19,True
131,ADANIPORTS,Mar 2024,26711,11121,15589.0,58.0,671,2733,3888,9639,16.0,8104,38.0,16.0,116999,0.2283,0.23,True
131,ADANIPORTS,Mar 2024,26711,11121,15589.0,58.0,671,2733,3888,9639,16.0,8104,38.0,16.0,116999,0.2283,0.23,True
133,ADANIPORTS,Mar 2013,3577,1195,2382.0,67.0,344,542,422,1762,7.0,1639,8.0,12.0,21035,0.17,0.17,True
133,ADANIPORTS,Mar 2013,3577,1195,2382.0,67.0,344,542,422,1762,7.0,1639,8.0,12.0,21035,0.17,0.17,True
134,ADANIPORTS,Mar 2014,4830,1910,2919.0,60.0,685,977,649,1978,12.0,1741,8.0,12.0,24677,0.1957,0.2,True
134,ADANIPORTS,Mar 2014,4830,1910,2919.0,60.0,685,977,649,1978,12.0,1741,8.0,12.0,24677,0.1957,0.2,True
135,ADANIPORTS,Mar 2015,6152,2250,3902.0,63.0,686,1175,912,2501,7.0,2324,11.0,10.0,32082,0.1918,0.19,True
135,ADANIPORTS,Mar 2015,6152,2250,3902.0,63.0,686,1175,912,2501,7.0,2324,11.0,10.0,32082,0.1918,0.19,True
136,ADANIPORTS,Mar 2016,7109,2532,4577.0,64.0,730,1124,1063,3119,9.0,2856,14.0,8.0,38385,0.1852,0.19,True
136,ADANIPORTS,Mar 2016,7109,2532,4577.0,64.0,730,1124,1063,3119,9.0,2856,14.0,8.0,38385,0.1852,0.19,True
137,ADANIPORTS,Mar 2017,8439,3021,5418.0,64.0,1037,1116,1160,4179,7.0,3902,19.0,7.0,43369,0.1946,0.19,True
137,ADANIPORTS,Mar 2017,8439,3021,5418.0,64.0,1037,1116,1160,4179,7.0,3902,19.0,7.0,43369,0.1946,0.19,True
138,ADANIPORTS,Mar 2018,11323,4166,7157.0,63.0,844,1579,1188,5234,30.0,3690,18.0,11.0,47233,0.2397,0.24,True
138,ADANIPORTS,Mar 2018,11323,4166,7157.0,63.0,844,1579,1188,5234,30.0,3690,18.0,11.0,47233,0.2397,0.24,True
139,ADANIPORTS,Mar 2019,10925,4330,6596.0,60.0,1289,1385,1373,5126,21.0,4045,19.0,1.0,56311,0.194,0.19,True
139,ADANIPORTS,Mar 2019,10925,4330,6596.0,60.0,1289,1385,1373,5126,21.0,4045,19.0,1.0,56311,0.194,0.19,True
140,ADANIPORTS,Mar 2020,11873,5926,5947.0,50.0,1928,1951,1680,4244,11.0,3785,19.0,17.0,61917,0.1918,0.19,True
140,ADANIPORTS,Mar 2020,11873,5926,5947.0,50.0,1928,1951,1680,4244,11.0,3785,19.0,17.0,61917,0.1918,0.19,True
141,ADANIPORTS,Mar 2021,12550,3862,8688.0,69.0,1967,2255,2107,6292,20.0,5049,25.0,20.0,74582,0.1683,0.17,True
141,ADANIPORTS,Mar 2021,12550,3862,8688.0,69.0,1967,2255,2107,6292,20.0,5049,25.0,20.0,74582,0.1683,0.17,True
142,ADANIPORTS,Mar 2022,17119,7591,9528.0,56.0,1832,2544,3099,5717,13.0,4953,23.0,22.0,98328,0.1741,0.17,True
142,ADANIPORTS,Mar 2022,17119,7591,9528.0,56.0,1832,2544,3099,5717,13.0,4953,23.0,22.0,98328,0.1741,0.17,True
143,ADANIPORTS,Mar 2023,20852,9905,10947.0,52.0,327,2363,3425,5487,2.0,5391,25.0,20.0,112563,0.1852,0.19,True
143,ADANIPORTS,Mar 2023,20852,9905,10947.0,52.0,327,2363,3425,5487,2.0,5391,25.0,20.0,112563,0.1852,0.19,True
144,ADANIPORTS,Mar 2024,26711,11121,15589.0,58.0,671,2733,3888,9639,16.0,8104,38.0,16.0,116999,0.2283,0.23,True
144,ADANIPORTS,Mar 2024,26711,11121,15589.0,58.0,671,2733,3888,9639,16.0,8104,38.0,16.0,116999,0.2283,0.23,True
146,ADANIPOWER,Mar 2013,6692,5732,960.0,14.0,215,1703,1290,-1818,26.0,-2295,-10.0,0.0,54688,0.1224,0.12,True
147,ADANIPOWER,Mar 2014,15328,10735,4593.0,30.0,137,4162,1937,-1370,-79.0,-291,-1.0,0.0,58739,0.261,0.26,True
148,ADANIPOWER,Mar 2015,18683,14005,4678.0,25.0,1188,4864,1818,-816,0.0,-816,-3.0,0.0,58474,0.3195,0.32,True
149,ADANIPOWER,Mar 2016,25377,16575,8802.0,35.0,-201,5560,2666,375,-47.0,551,2.0,0.0,75794,0.3348,0.33,True
150,ADANIPOWER,Mar 2017,22616,16635,5980.0,26.0,-3666,5902,2672,-6260,-1.0,-6174,-16.0,0.0,71511,0.3163,0.32,True
151,ADANIPOWER,Mar 2018,20304,14868,5436.0,27.0,754,5570,2699,-2079,0.0,-2103,-5.0,0.0,69528,0.292,0.29,True
152,ADANIPOWER,Mar 2019,23884,18901,4983.0,21.0,2448,5657,2751,-976,1.0,-984,-3.0,0.0,67985,0.3513,0.35,True
153,ADANIPOWER,Mar 2020,26468,20734,5734.0,22.0,323,5315,3006,-2265,0.0,-2275,-6.0,0.0,75025,0.3528,0.35,True
154,ADANIPOWER,Mar 2021,26221,17533,8688.0,33.0,1909,5106,3202,2289,45.0,1270,3.0,0.0,78806,0.3327,0.33,True
155,ADANIPOWER,Mar 2022,27711,17830,9881.0,36.0,3908,4095,3118,6577,25.0,4912,13.0,0.0,81981,0.338,0.34,True
156,ADANIPOWER,Mar 2023,38773,28677,10096.0,26.0,4216,3334,3304,7675,-40.0,10727,28.0,0.0,85821,0.4518,0.45,True
157,ADANIPOWER,Mar 2024,50351,32124,18228.0,36.0,9883,3388,3931,20792,0.0,20829,54.0,0.0,92009,0.5472,0.55,True
159,AMBUJACEM,Dec 2012,9749,7276,2473.0,25.0,69,78,569,1896,32.0,1292,8.0,43.0,12345,0.7897,0.79,True
160,AMBUJACEM,Dec 2013,9161,7492,1669.0,18.0,390,67,494,1498,15.0,1278,8.0,44.0,12956,0.7071,0.71,True
161,AMBUJACEM,Dec 2014,9955,8022,1934.0,19.0,419,66,513,1774,16.0,1487,10.0,46.0,13878,0.7173,0.72,True
162,AMBUJACEM,Dec 2015,9437,7895,1542.0,16.0,353,92,630,1173,31.0,808,5.0,54.0,14133,0.6677,0.67,True
163,AMBUJACEM,Dec 2016,20094,16913,3181.0,16.0,441,153,1461,2008,29.0,1434,6.0,50.0,32824,0.6122,0.61,True
164,AMBUJACEM,Dec 2017,23609,19751,3858.0,16.0,335,206,1219,2768,30.0,1945,8.0,47.0,35509,0.6649,0.66,True
165,AMBUJACEM,Dec 2018,26041,22030,4011.0,15.0,232,170,1154,2919,-2.0,2973,11.0,14.0,37391,0.6965,0.7,True
166,AMBUJACEM,Dec 2019,27104,22507,4597.0,17.0,601,170,1153,3875,28.0,2783,11.0,14.0,40178,0.6746,0.67,True
167,AMBUJACEM,Dec 2020,24516,19511,5006.0,20.0,288,140,1162,3992,22.0,3107,12.0,151.0,39718,0.6173,0.62,True
168,AMBUJACEM,Dec 2021,28965,22755,6210.0,21.0,252,146,1152,5164,28.0,3711,14.0,45.0,45205,0.6407,0.64,True
170,AMBUJACEM,Mar 2024,33160,26760,6400.0,19.0,1401,276,1623,5901,20.0,4738,16.0,12.0,65261,0.5081,0.51,True
172,APOLLOHOSP,Mar 2013,3769,3157,612.0,16.0,33,103,142,399,26.0,303,22.0,25.0,4814,0.7829,0.78,True
173,APOLLOHOSP,Mar 2014,4357,3681,676.0,16.0,18,119,168,407,25.0,315,23.0,25.0,5350,0.8144,0.81,True
174,APOLLOHOSP,Mar 2015,5129,4392,737.0,14.0,47,118,212,455,29.0,335,24.0,24.0,6459,0.7941,0.79,True
175,APOLLOHOSP,Mar 2016,6150,5465,684.0,11.0,92,180,264,332,29.0,235,17.0,35.0,7360,0.8356,0.84,True
176,APOLLOHOSP,Mar 2017,7256,6522,734.0,10.0,60,257,314,222,41.0,131,16.0,38.0,8103,0.8955,0.9,True
177,APOLLOHOSP,Mar 2018,8243,7442,801.0,10.0,24,295,359,171,65.0,60,8.0,59.0,8596,0.9589,0.96,True
178,APOLLOHOSP,Mar 2019,9617,8548,1070.0,11.0,26,327,396,373,47.0,200,17.0,35.0,9166,1.0492,1.05,True
179,APOLLOHOSP,Mar 2020,11247,9656,1591.0,14.0,222,533,620,660,34.0,432,33.0,18.0,11289,0.9963,1.0,True
180,APOLLOHOSP,Mar 2021,10560,9420,1140.0,11.0,103,449,573,221,38.0,137,10.0,29.0,11392,0.927,0.93,True
181,APOLLOHOSP,Mar 2022,14663,12474,2189.0,15.0,368,379,601,1578,30.0,1108,73.0,16.0,13261,1.1057,1.11,True
182,APOLLOHOSP,Mar 2023,16612,14548,2065.0,12.0,75,381,615,1144,22.0,844,57.0,26.0,14416,1.1523,1.15,True
183,APOLLOHOSP,Mar 2024,19059,16665,2394.0,13.0,105,449,687,1362,33.0,935,63.0,26.0,16742,1.1384,1.14,True
185,ASIANPAINT,Mar 2013,10504,8767,1737.0,17.0,114,42,155,1655,30.0,1160,12.0,40.0,6784,1.5483,1.55,True
185,ASIANPAINT,Mar 2013,10504,8767,1737.0,17.0,114,42,155,1655,30.0,1160,12.0,40.0,6784,1.5483,1.55,True
185,ASIANPAINT,Mar 2013,10504,8767,1737.0,17.0,114,42,155,1655,30.0,1160,12.0,40.0,6784,1.5483,1.55,True
185,ASIANPAINT,Mar 2013,10504,8767,1737.0,17.0,114,42,155,1655,30.0,1160,12.0,40.0,6784,1.5483,1.55,True
186,ASIANPAINT,Mar 2014,12220,10217,2004.0,16.0,124,48,246,1834,31.0,1263,13.0,42.0,8075,1.5133,1.51,True
186,ASIANPAINT,Mar 2014,12220,10217,2004.0,16.0,124,48,246,1834,31.0,1263,13.0,42.0,8075,1.5133,1.51,True
186,ASIANPAINT,Mar 2014,12220,10217,2004.0,16.0,124,48,246,1834,31.0,1263,13.0,42.0,8075,1.5133,1.51,True
186,ASIANPAINT,Mar 2014,12220,10217,2004.0,16.0,124,48,246,1834,31.0,1263,13.0,42.0,8075,1.5133,1.51,True
187,ASIANPAINT,Mar 2015,13615,11372,2243.0,16.0,142,42,266,2077,31.0,1427,15.0,42.0,8914,1.5274,1.53,True
187,ASIANPAINT,Mar 2015,13615,11372,2243.0,16.0,142,42,266,2077,31.0,1427,15.0,42.0,8914,1.5274,1.53,True
187,ASIANPAINT,Mar 2015,13615,11372,2243.0,16.0,142,42,266,2077,31.0,1427,15.0,42.0,8914,1.5274,1.53,True
187,ASIANPAINT,Mar 2015,13615,11372,2243.0,16.0,142,42,266,2077,31.0,1427,15.0,42.0,8914,1.5274,1.53,True
188,ASIANPAINT,Mar 2016,14271,11546,2725.0,19.0,213,49,276,2614,32.0,1803,18.0,41.0,10559,1.3515,1.35,True
188,ASIANPAINT,Mar 2016,14271,11546,2725.0,19.0,213,49,276,2614,32.0,1803,18.0,41.0,10559,1.3515,1.35,True
188,ASIANPAINT,Mar 2016,14271,11546,2725.0,19.0,213,49,276,2614,32.0,1803,18.0,41.0,10559,1.3515,1.35,True
188,ASIANPAINT,Mar 2016,14271,11546,2725.0,19.0,213,49,276,2614,32.0,1803,18.0,41.0,10559,1.3515,1.35,True
189,ASIANPAINT,Mar 2017,15062,12068,2994.0,20.0,338,37,335,2960,32.0,2016,20.0,51.0,12405,1.2142,1.21,True
189,ASIANPAINT,Mar 2017,15062,12068,2994.0,20.0,338,37,335,2960,32.0,2016,20.0,51.0,12405,1.2142,1.21,True
189,ASIANPAINT,Mar 2017,15062,12068,2994.0,20.0,338,37,335,2960,32.0,2016,20.0,51.0,12405,1.2142,1.21,True
189,ASIANPAINT,Mar 2017,15062,12068,2994.0,20.0,338,37,335,2960,32.0,2016,20.0,51.0,12405,1.2142,1.21,True
190,ASIANPAINT,Mar 2018,16825,13621,3204.0,19.0,336,41,360,3138,33.0,2098,21.0,41.0,13763,1.2225,1.22,True
190,ASIANPAINT,Mar 2018,16825,13621,3204.0,19.0,336,41,360,3138,33.0,2098,21.0,41.0,13763,1.2225,1.22,True
190,ASIANPAINT,Mar 2018,16825,13621,3204.0,19.0,336,41,360,3138,33.0,2098,21.0,41.0,13763,1.2225,1.22,True
190,ASIANPAINT,Mar 2018,16825,13621,3204.0,19.0,336,41,360,3138,33.0,2098,21.0,41.0,13763,1.2225,1.22,True
191,ASIANPAINT,Mar 2019,19240,15475,3765.0,20.0,274,110,622,3306,33.0,2208,22.0,47.0,16249,1.1841,1.18,True
191,ASIANPAINT,Mar 2019,19240,15475,3765.0,20.0,274,110,622,3306,33.0,2208,22.0,47.0,16249,1.1841,1.18,True
191,ASIANPAINT,Mar 2019,19240,15475,3765.0,20.0,274,110,622,3306,33.0,2208,22.0,47.0,16249,1.1841,1.18,True
191,ASIANPAINT,Mar 2019,19240,15475,3765.0,20.0,274,110,622,3306,33.0,2208,22.0,47.0,16249,1.1841,1.18,True
192,ASIANPAINT,Mar 2020,20211,16054,4157.0,21.0,355,102,780,3629,24.0,2774,28.0,43.0,16138,1.2524,1.25,True
192,ASIANPAINT,Mar 2020,20211,16054,4157.0,21.0,355,102,780,3629,24.0,2774,28.0,43.0,16138,1.2524,1.25,True
192,ASIANPAINT,Mar 2020,20211,16054,4157.0,21.0,355,102,780,3629,24.0,2774,28.0,43.0,16138,1.2524,1.25,True
192,ASIANPAINT,Mar 2020,20211,16054,4157.0,21.0,355,102,780,3629,24.0,2774,28.0,43.0,16138,1.2524,1.25,True
193,ASIANPAINT,Mar 2021,21713,16857,4856.0,22.0,332,92,791,4304,26.0,3207,33.0,55.0,20355,1.0667,1.07,True
193,ASIANPAINT,Mar 2021,21713,16857,4856.0,22.0,332,92,791,4304,26.0,3207,33.0,55.0,20355,1.0667,1.07,True
193,ASIANPAINT,Mar 2021,21713,16857,4856.0,22.0,332,92,791,4304,26.0,3207,33.0,55.0,20355,1.0667,1.07,True
193,ASIANPAINT,Mar 2021,21713,16857,4856.0,22.0,332,92,791,4304,26.0,3207,33.0,55.0,20355,1.0667,1.07,True
194,ASIANPAINT,Mar 2022,29101,24298,4804.0,17.0,296,95,816,4188,26.0,3085,32.0,61.0,22958,1.2676,1.27,True
194,ASIANPAINT,Mar 2022,29101,24298,4804.0,17.0,296,95,816,4188,26.0,3085,32.0,61.0,22958,1.2676,1.27,True
194,ASIANPAINT,Mar 2022,29101,24298,4804.0,17.0,296,95,816,4188,26.0,3085,32.0,61.0,22958,1.2676,1.27,True
194,ASIANPAINT,Mar 2022,29101,24298,4804.0,17.0,296,95,816,4188,26.0,3085,32.0,61.0,22958,1.2676,1.27,True
195,ASIANPAINT,Mar 2023,34489,28229,6260.0,18.0,431,144,858,5689,26.0,4195,43.0,60.0,25779,1.3379,1.34,True
195,ASIANPAINT,Mar 2023,34489,28229,6260.0,18.0,431,144,858,5689,26.0,4195,43.0,60.0,25779,1.3379,1.34,True
195,ASIANPAINT,Mar 2023,34489,28229,6260.0,18.0,431,144,858,5689,26.0,4195,43.0,60.0,25779,1.3379,1.34,True
195,ASIANPAINT,Mar 2023,34489,28229,6260.0,18.0,431,144,858,5689,26.0,4195,43.0,60.0,25779,1.3379,1.34,True
196,ASIANPAINT,Mar 2024,35495,27910,7585.0,21.0,821,205,853,7348,24.0,5558,57.0,58.0,29901,1.1871,1.19,True
196,ASIANPAINT,Mar 2024,35495,27910,7585.0,21.0,821,205,853,7348,24.0,5558,57.0,58.0,29901,1.1871,1.19,True
196,ASIANPAINT,Mar 2024,35495,27910,7585.0,21.0,821,205,853,7348,24.0,5558,57.0,58.0,29901,1.1871,1.19,True
196,ASIANPAINT,Mar 2024,35495,27910,7585.0,21.0,821,205,853,7348,24.0,5558,57.0,58.0,29901,1.1871,1.19,True
198,ATGL,Mar 2018,1374,1008,366.0,27.0,80,125,61,259,36.0,162,6.0,0.0,2803,,0.49,False
199,ATGL,Mar 2019,1719,1264,455.0,26.0,59,90,67,357,36.0,229,2.0,12.0,2048,,0.84,False
200,ATGL,Mar 2020,1875,1280,595.0,32.0,44,41,51,547,20.0,436,4.0,6.0,2476,,0.76,False
201,ATGL,Mar 2021,1696,991,704.0,42.0,30,40,63,631,25.0,463,4.0,6.0,3204,,0.53,False
202,ATGL,Mar 2022,3038,2265,773.0,25.0,46,53,83,684,26.0,509,5.0,5.0,4415,,0.69,False
203,ATGL,Mar 2023,4378,3508,870.0,20.0,54,78,113,733,25.0,546,5.0,5.0,5645,,0.78,False
204,ATGL,Mar 2024,4475,3371,1104.0,25.0,62,111,158,896,26.0,668,6.0,4.0,6592,,0.68,False
206,BAJAJ-AUTO,Mar 2013,20025,16370,3656.0,18.0,790,1,168,4277,29.0,3133,108.0,42.0,12642,1.584,1.58,True
206,BAJAJ-AUTO,Mar 2013,20025,16370,3656.0,18.0,790,1,168,4277,29.0,3133,108.0,42.0,12642,1.584,1.58,True
207,BAJAJ-AUTO,Mar 2014,20137,15974,4163.0,21.0,674,1,181,4655,31.0,3380,117.0,43.0,15308,1.3155,1.32,True
207,BAJAJ-AUTO,Mar 2014,20137,15974,4163.0,21.0,674,1,181,4655,31.0,3380,117.0,43.0,15308,1.3155,1.32,True
208,BAJAJ-AUTO,Mar 2015,21595,17467,4128.0,19.0,228,6,267,4083,31.0,3026,105.0,48.0,15966,1.3526,1.35,True
208,BAJAJ-AUTO,Mar 2015,21595,17467,4128.0,19.0,228,6,267,4083,31.0,3026,105.0,48.0,15966,1.3526,1.35,True
209,BAJAJ-AUTO,Mar 2016,22574,17781,4793.0,21.0,1194,1,307,5679,28.0,4061,140.0,39.0,17240,1.3094,1.31,True
209,BAJAJ-AUTO,Mar 2016,22574,17781,4793.0,21.0,1194,1,307,5679,28.0,4061,140.0,39.0,17240,1.3094,1.31,True
210,BAJAJ-AUTO,Mar 2017,21755,17326,4429.0,20.0,1468,1,307,5588,27.0,4079,141.0,39.0,21638,1.0054,1.01,True
210,BAJAJ-AUTO,Mar 2017,21755,17326,4429.0,20.0,1468,1,307,5588,27.0,4079,141.0,39.0,21638,1.0054,1.01,True
211,BAJAJ-AUTO,Mar 2018,25210,20364,4846.0,19.0,1404,1,315,5933,29.0,4219,146.0,41.0,25141,1.0027,1.0,True
211,BAJAJ-AUTO,Mar 2018,25210,20364,4846.0,19.0,1404,1,315,5933,29.0,4219,146.0,41.0,25141,1.0027,1.0,True
212,BAJAJ-AUTO,Mar 2019,30358,25160,5198.0,17.0,2028,4,266,6956,29.0,4928,170.0,35.0,28834,1.0529,1.05,True
212,BAJAJ-AUTO,Mar 2019,30358,25160,5198.0,17.0,2028,4,266,6956,29.0,4928,170.0,35.0,28834,1.0529,1.05,True
213,BAJAJ-AUTO,Mar 2020,29919,24809,5109.0,17.0,1832,3,246,6692,22.0,5212,180.0,67.0,26510,1.1286,1.13,True
213,BAJAJ-AUTO,Mar 2020,29919,24809,5109.0,17.0,1832,3,246,6692,22.0,5212,180.0,67.0,26510,1.1286,1.13,True
214,BAJAJ-AUTO,Mar 2021,27741,22803,4938.0,18.0,1570,7,259,6241,22.0,4857,168.0,83.0,33602,0.8256,0.83,True
214,BAJAJ-AUTO,Mar 2021,27741,22803,4938.0,18.0,1570,7,259,6241,22.0,4857,168.0,83.0,33602,0.8256,0.83,True
215,BAJAJ-AUTO,Mar 2022,33145,27886,5259.0,16.0,2671,9,270,7652,19.0,6166,213.0,66.0,35111,0.944,0.94,True
215,BAJAJ-AUTO,Mar 2022,33145,27886,5259.0,16.0,2671,9,270,7652,19.0,6166,213.0,66.0,35111,0.944,0.94,True
216,BAJAJ-AUTO,Mar 2023,36455,29991,6465.0,18.0,1703,40,286,7842,23.0,6060,214.0,65.0,35136,1.0375,1.04,True
216,BAJAJ-AUTO,Mar 2023,36455,29991,6465.0,18.0,1703,40,286,7842,23.0,6060,214.0,65.0,35136,1.0375,1.04,True
217,BAJAJ-AUTO,Mar 2024,44870,36106,8765.0,20.0,1700,60,365,10040,23.0,7708,276.0,29.0,39344,1.1405,1.14,True
217,BAJAJ-AUTO,Mar 2024,44870,36106,8765.0,20.0,1700,60,365,10040,23.0,7708,276.0,29.0,39344,1.1405,1.14,True
219,AXISBANK,Mar 2013,27183,17516,8313.0,1353.0,5,6551,352,7553,31.0,5179,22.0,16.0,340558,0.0798,0.08,True
220,AXISBANK,Mar 2014,30641,18690,9644.0,2307.0,8,7405,364,9349,33.0,6218,26.0,15.0,386350,0.0793,0.08,True
221,AXISBANK,Mar 2015,35479,21254,11127.0,3097.0,9,8365,406,11057,33.0,7358,31.0,15.0,467243,0.0759,0.08,True
222,AXISBANK,Mar 2016,40988,24155,13367.0,3466.0,8,9371,444,12394,34.0,8224,35.0,14.0,546387,0.075,0.08,True
223,AXISBANK,Mar 2017,44542,26449,23808.0,-5715.0,-13,11691,509,5468,33.0,3679,15.0,33.0,611462,0.0728,0.07,True
224,AXISBANK,Mar 2018,45780,27163,28895.0,-10277.0,-22,10967,568,122,-99.0,276,1.0,0.0,703703,0.0651,0.07,True
225,AXISBANK,Mar 2019,54986,33278,27155.0,-5447.0,-10,13130,710,6974,33.0,4677,18.0,6.0,814046,0.0675,0.07,True
226,AXISBANK,Mar 2020,62635,37429,35066.0,-9859.0,-16,15537,773,4904,67.0,1627,6.0,0.0,927872,0.0675,0.07,True
227,AXISBANK,Mar 2021,63346,34107,31749.0,-2510.0,-4,12264,948,8806,25.0,6588,22.0,0.0,1001005,0.0633,0.06,True
228,AXISBANK,Mar 2022,67377,34245,29962.0,3170.0,5,15221,1008,17383,25.0,13025,42.0,2.0,1195779,0.0563,0.06,True
229,AXISBANK,Mar 2023,85164,42218,29089.0,13857.0,16,16143,13094,16906,43.0,9580,31.0,3.0,1344418,0.0633,0.06,True
230,AXISBANK,Mar 2024,109369,59474,37943.0,11952.0,11,22442,1334,33060,25.0,24861,81.0,1.0,1518239,0.072,0.07,True
232,BAJAJFINSV,Mar 2013,8055,4124,3931.0,49.0,2,1204,22,2708,18.0,2214,10.0,2.0,65370,0.1232,0.12,True
233,BAJAJFINSV,Mar 2014,6023,1531,4491.0,75.0,3,1562,31,2902,24.0,2191,10.0,2.0,74383,0.081,0.08,True
234,BAJAJFINSV,Mar 2015,11335,5823,5511.0,49.0,8,2230,38,3251,26.0,2409,11.0,2.0,88228,0.1285,0.13,True
235,BAJAJFINSV,Mar 2016,20533,13795,6739.0,33.0,0,2877,58,3804,27.0,2775,12.0,1.0,103951,0.1975,0.2,True
236,BAJAJFINSV,Mar 2017,24507,15794,8713.0,36.0,0,3716,73,4925,30.0,3450,14.0,1.0,128614,0.1905,0.19,True
237,BAJAJFINSV,Mar 2018,32862,22074,10788.0,33.0,1,4531,160,6099,32.0,4176,17.0,1.0,161514,0.2035,0.2,True
238,BAJAJFINSV,Mar 2019,42605,27569,15037.0,35.0,2,6657,226,8155,34.0,5374,20.0,1.0,208428,0.2044,0.2,True
239,BAJAJFINSV,Mar 2020,54351,36094,18258.0,34.0,0,9500,457,8302,28.0,5994,21.0,2.0,251304,0.2163,0.22,True
240,BAJAJFINSV,Mar 2021,60592,40950,19641.0,32.0,-7,9274,498,9862,25.0,7367,28.0,1.0,279845,0.2165,0.22,True
241,BAJAJFINSV,Mar 2022,68406,46951,21455.0,31.0,8,9629,563,11271,26.0,8314,29.0,1.0,333413,0.2052,0.21,True
242,BAJAJFINSV,Mar 2023,82072,52204,29868.0,36.0,1,12380,678,16811,27.0,12210,40.0,2.0,405401,0.2024,0.2,True
243,BAJAJFINSV,Mar 2024,110382,69497,40886.0,37.0,-4,18607,900,21375,27.0,15595,51.0,2.0,537415,0.2054,0.21,True
245,BAJAJHLDNG,Mar 2013,337,15,322.0,95.0,3,0,2,322,21.0,1856,167.0,15.0,10775,0.0313,0.03,True
246,BAJAJHLDNG,Mar 2014,423,23,400.0,94.0,5,0,5,400,20.0,1988,179.0,17.0,12448,0.034,0.03,True
247,BAJAJHLDNG,Mar 2015,524,40,484.0,92.0,35,0,6,513,19.0,2029,182.0,19.0,13893,0.0377,0.04,True
248,BAJAJHLDNG,Mar 2016,470,42,429.0,91.0,7,0,5,430,21.0,2265,204.0,16.0,15472,0.0304,0.03,True
249,BAJAJHLDNG,Mar 2017,842,215,628.0,75.0,8,0,5,630,21.0,2473,222.0,15.0,17889,0.0471,0.05,True
250,BAJAJHLDNG,Mar 2018,420,65,355.0,85.0,2390,0,5,2739,3.0,2655,239.0,17.0,25269,0.0166,0.02,True
251,BAJAJHLDNG,Mar 2019,431,85,347.0,80.0,2827,0,4,3170,4.0,3048,274.0,12.0,27008,0.016,0.02,True
252,BAJAJHLDNG,Mar 2020,435,134,301.0,69.0,3058,13,33,3314,7.0,3080,269.0,15.0,32729,0.0133,0.01,True
253,BAJAJHLDNG,Mar 2021,457,106,352.0,77.0,3451,4,34,3766,3.0,3654,328.0,12.0,45490,0.01,0.01,True
254,BAJAJHLDNG,Mar 2022,484,117,367.0,76.0,3896,3,34,4226,2.0,4126,364.0,32.0,53588,0.009,0.01,True
255,BAJAJHLDNG,Mar 2023,522,142,380.0,73.0,4673,7,34,5012,1.0,4946,436.0,28.0,53188,0.0098,0.01,True
256,BAJAJHLDNG,Mar 2024,1702,140,1562.0,92.0,5967,2,34,7493,2.0,7365,653.0,20.0,65161,0.0261,0.03,True
258,BAJFINANCE,Mar 2015,5392,2274,1752.0,1367.0,25,26,36,1357,34.0,898,18.0,10.0,32780,0.1645,0.16,True
259,BAJFINANCE,Mar 2016,7299,2959,2354.0,1986.0,27,35,56,1965,35.0,1279,24.0,10.0,46973,0.1554,0.16,True
260,BAJFINANCE,Mar 2017,9970,3853,3250.0,2867.0,29,22,71,2817,35.0,1836,33.0,11.0,63731,0.1564,0.16,True
261,BAJFINANCE,Mar 2018,12746,4696,4115.0,3935.0,31,10,102,3843,35.0,2496,43.0,9.0,84798,0.1503,0.15,True
262,BAJFINANCE,Mar 2019,18487,6723,5454.0,6310.0,34,13,144,6179,35.0,3995,69.0,9.0,124233,0.1488,0.15,True
263,BAJFINANCE,Mar 2020,26374,9608,9159.0,7608.0,29,9,295,7322,28.0,5264,87.0,11.0,164391,0.1604,0.16,True
264,BAJFINANCE,Mar 2021,26673,9519,10839.0,6314.0,24,3,325,5992,26.0,4420,73.0,14.0,171470,0.1556,0.16,True
265,BAJFINANCE,Mar 2022,31641,9855,11880.0,9906.0,31,-17,385,9504,26.0,7028,116.0,17.0,212506,0.1489,0.15,True
266,BAJFINANCE,Mar 2023,41411,12701,12693.0,16018.0,39,-5,485,15528,26.0,11508,190.0,16.0,275226,0.1505,0.15,True
267,BAJFINANCE,Mar 2024,54972,18886,16099.0,19987.0,36,6,683,19310,25.0,14451,233.0,15.0,375742,0.1463,0.15,True
269,BANKBARODA,Mar 2013,36442,24486,10950.0,1006.0,3,4511,322,5195,9.0,4829,23.0,19.0,559387,0.0651,0.07,True
270,BANKBARODA,Mar 2014,40463,27604,12049.0,809.0,2,5555,368,5996,18.0,5036,23.0,19.0,676104,0.0598,0.06,True
271,BANKBARODA,Mar 2015,44915,30547,13466.0,902.0,2,5449,368,5983,36.0,3950,18.0,18.0,733966,0.0612,0.06,True
272,BANKBARODA,Mar 2016,45799,32107,25391.0,-11700.0,-26,5992,525,-6233,-19.0,-5033,-22.0,0.0,691173,0.0663,0.07,True
273,BANKBARODA,Mar 2017,44473,29596,19250.0,-4372.0,-10,7937,540,3024,41.0,1855,8.0,15.0,719216,0.0618,0.06,True
274,BANKBARODA,Mar 2018,46056,29160,26093.0,-9197.0,-20,7992,901,-2106,-9.0,-1836,-7.0,0.0,747796,0.0616,0.06,True
275,BANKBARODA,Mar 2019,52906,32506,25815.0,-5414.0,-10,7887,948,1525,29.0,1166,4.0,0.0,819670,0.0645,0.06,True
276,BANKBARODA,Mar 2020,78895,50040,40583.0,-11728.0,-15,12191,1697,-1234,-99.0,981,2.0,0.0,1199935,0.0657,0.07,True
277,BANKBARODA,Mar 2021,74314,43201,38070.0,-6957.0,-9,14687,1357,6373,77.0,1620,3.0,0.0,1202667,0.0618,0.06,True
278,BANKBARODA,Mar 2022,73385,38815,37518.0,-2948.0,-4,14395,1438,10008,23.0,7933,15.0,19.0,1340121,0.0548,0.05,True
279,BANKBARODA,Mar 2023,94503,49942,38231.0,6329.0,7,16275,2040,20565,29.0,15005,29.0,19.0,1525871,0.0619,0.06,True
280,BANKBARODA,Mar 2024,118379,69899,44379.0,4102.0,3,23399,1702,25799,29.0,18869,36.0,21.0,1654775,0.0715,0.07,True
282,BHARTIARTL,Mar 2013,76947,53987,22960.0,30.0,1159,4519,14815,4785,53.0,2267,4.0,17.0,157970,0.4871,0.49,True
283,BHARTIARTL,Mar 2014,85864,59352,26512.0,31.0,2881,5879,15650,7864,62.0,3019,5.0,26.0,181492,0.4731,0.47,True
284,BHARTIARTL,Mar 2015,96101,62499,33602.0,35.0,1243,4446,19858,10540,52.0,5048,8.0,33.0,181939,0.5282,0.53,True
285,BHARTIARTL,Mar 2016,96532,62548,33984.0,35.0,4858,8546,17450,12846,46.0,6893,11.0,9.0,224472,0.43,0.43,True
286,BHARTIARTL,Mar 2017,95468,60138,35330.0,37.0,1713,9547,19773,7723,45.0,4241,7.0,11.0,232322,0.4109,0.41,True
287,BHARTIARTL,Mar 2018,82639,52560,30079.0,36.0,1756,9326,19243,3267,33.0,2184,2.0,194.0,249521,0.3312,0.33,True
288,BHARTIARTL,Mar 2019,80780,55016,25764.0,32.0,4474,10622,21348,-1732,-99.0,1688,1.0,244.0,274026,0.2948,0.29,True
289,BHARTIARTL,Mar 2020,87539,50930,36610.0,42.0,-37775,13992,27690,-42846,-28.0,-30664,-55.0,-3.0,359091,0.2438,0.24,True
290,BHARTIARTL,Mar 2021,100616,55337,45279.0,45.0,-4215,15091,29404,-3432,99.0,-12364,-26.0,0.0,344417,0.2921,0.29,True
291,BHARTIARTL,Mar 2022,116547,59013,57534.0,49.0,4656,16616,33091,12483,33.0,8305,7.0,39.0,361207,0.3227,0.32,True
292,BHARTIARTL,Mar 2023,139145,67871,71274.0,51.0,1019,19300,36432,16561,26.0,12287,15.0,27.0,444557,0.313,0.31,True
293,BHARTIARTL,Mar 2024,149982,71691,78292.0,52.0,-3428,22648,39538,12679,32.0,8558,13.0,62.0,442019,0.3393,0.34,True
295,BEL,Mar 2013,6273,5604,669.0,11.0,622,7,136,1147,21.0,911,1.0,20.0,45,139.4,139.4,True
296,BEL,Mar 2014,6518,5593,925.0,14.0,438,7,150,1206,21.0,952,1.0,20.0,46,141.6957,141.7,True
297,BEL,Mar 2015,7093,5913,1179.0,17.0,507,7,166,1513,21.0,1197,2.0,20.0,49,144.7551,144.76,True
298,BEL,Mar 2016,7354,5961,1393.0,19.0,573,10,192,1764,24.0,1337,2.0,31.0,52,141.4231,141.42,True
299,BEL,Mar 2017,8656,6864,1792.0,21.0,420,18,212,1983,24.0,1523,2.0,33.0,77,112.4156,112.42,True
300,BEL,Mar 2018,10401,8361,2039.0,20.0,196,6,272,1957,28.0,1431,2.0,34.0,121,85.9587,85.96,True
301,BEL,Mar 2019,12164,9255,2909.0,24.0,73,16,338,2628,30.0,1887,3.0,44.0,126,96.5397,96.54,True
302,BEL,Mar 2020,12968,10209,2759.0,21.0,99,8,372,2478,28.0,1825,3.0,37.0,122,106.2951,106.3,True
303,BEL,Mar 2021,14109,10895,3214.0,23.0,125,10,387,2942,30.0,2100,3.0,46.0,152,92.8224,92.82,True
304,BEL,Mar 2022,15368,12024,3344.0,22.0,232,9,401,3166,26.0,2400,3.0,46.0,163,94.2822,94.28,True
305,BEL,Mar 2023,17734,13645,4090.0,23.0,281,19,429,3923,25.0,2986,4.0,44.0,144,123.1528,123.15,True
306,BEL,Mar 2024,20268,15217,5051.0,25.0,670,12,443,5266,25.0,3985,5.0,40.0,161,125.8882,125.89,True
308,BHEL,Mar 2013,48903,39420,9483.0,19.0,1132,128,957,9531,30.0,6693,18.0,20.0,71818,0.6809,0.68,True
309,BHEL,Mar 2014,39561,34982,4579.0,12.0,1617,133,985,5078,31.0,3502,10.0,20.0,75331,0.5252,0.53,True
310,BHEL,Mar 2015,31323,29183,2141.0,7.0,1221,92,1082,2187,34.0,1450,4.0,20.0,70983,0.4413,0.44,True
311,BHEL,Mar 2016,25505,26862,-1357.0,-5.0,1492,360,937,-1161,-39.0,-706,-2.0,-14.0,65577,0.3889,0.39,True
312,BHEL,Mar 2017,28465,27370,1095.0,4.0,753,413,850,586,22.0,455,1.0,85.0,61698,0.4614,0.46,True
313,BHEL,Mar 2018,28827,27174,1653.0,6.0,679,330,787,1215,64.0,438,1.0,151.0,63940,0.4508,0.45,True
314,BHEL,Mar 2019,30441,28409,2032.0,7.0,662,378,476,1840,46.0,1002,3.0,69.0,64490,0.472,0.47,True
315,BHEL,Mar 2020,21463,21596,-133.0,-1.0,590,613,503,-659,99.0,-1468,-4.0,0.0,60291,0.356,0.36,True
316,BHEL,Mar 2021,17309,20357,-3049.0,-18.0,393,467,473,-3596,-25.0,-2700,-8.0,0.0,55960,0.3093,0.31,True
317,BHEL,Mar 2022,21211,20383,828.0,4.0,405,448,314,470,5.0,445,1.0,31.0,56991,0.3722,0.37,True
318,BHEL,Mar 2023,23365,22321,1044.0,4.0,544,612,260,716,9.0,654,2.0,21.0,57664,0.4052,0.41,True
319,BHEL,Mar 2024,23893,23182,711.0,3.0,608,828,249,243,-16.0,282,1.0,31.0,59788,0.3996,0.4,True
321,BOSCHLTD,Dec 2012,8659,7310,1350.0,16.0,369,6,367,1346,29.0,958,305.0,20.0,7902,1.0958,1.1,True
322,BOSCHLTD,Dec 2013,8757,7468,1289.0,15.0,353,0,384,1257,30.0,885,282.0,20.0,8891,0.9849,0.98,True
323,BOSCHLTD,Mar 2015,12086,10104,1981.0,16.0,537,14,548,1956,32.0,1338,426.0,20.0,10431,1.1587,1.16,True
324,BOSCHLTD,Mar 2016,9701,7823,1878.0,19.0,623,13,386,2102,27.0,1531,488.0,17.0,12433,0.7803,0.78,True
325,BOSCHLTD,Mar 2017,10435,8473,1963.0,19.0,912,27,456,2391,27.0,1741,570.0,29.0,11800,0.8843,0.88,True
326,BOSCHLTD,Mar 2018,11690,9597,2093.0,18.0,418,3,467,2041,33.0,1371,449.0,22.0,13927,0.8394,0.84,True
327,BOSCHLTD,Mar 2019,12085,9931,2154.0,18.0,600,13,402,2339,32.0,1598,542.0,19.0,12710,0.9508,0.95,True
328,BOSCHLTD,Mar 2020,9842,8358,1483.0,15.0,-105,10,383,985,34.0,650,220.0,48.0,13320,0.7389,0.74,True
329,BOSCHLTD,Mar 2021,9718,8555,1163.0,12.0,-241,14,341,567,15.0,482,164.0,70.0,14774,0.6578,0.66,True
330,BOSCHLTD,Mar 2022,11782,10319,1462.0,12.0,391,29,324,1500,19.0,1217,413.0,51.0,15410,0.7646,0.76,True
331,BOSCHLTD,Mar 2023,14929,13120,1810.0,13.0,471,12,386,1882,24.0,1424,483.0,99.0,16259,0.9182,0.92,True
332,BOSCHLTD,Mar 2024,16727,14632,2095.0,13.0,1566,51,430,3181,22.0,2490,844.0,44.0,17355,0.9638,0.96,True
334,BPCL,Mar 2013,242181,235472,6709.0,3.0,1492,2518,2463,3220,40.0,1936,4.0,42.0,79628,3.0414,3.04,True
335,BPCL,Mar 2014,264421,255007,9414.0,4.0,1344,1982,2611,6166,34.0,4053,9.0,31.0,88460,2.9892,2.99,True
336,BPCL,Mar 2015,242598,232818,9780.0,4.0,2117,1180,3027,7690,34.0,5082,11.0,34.0,86322,2.8104,2.81,True
337,BPCL,Mar 2016,187815,174844,12971.0,7.0,1913,680,2072,12132,33.0,8089,19.0,25.0,86422,2.1732,2.17,True
338,BPCL,Mar 2017,201251,187468,13783.0,7.0,2721,696,2108,13700,31.0,9507,20.0,49.0,109086,1.8449,1.84,True
339,BPCL,Mar 2018,235895,220578,15317.0,6.0,2927,1186,2885,14174,31.0,9792,21.0,46.0,120356,1.96,1.96,True
340,BPCL,Mar 2019,298226,283113,15112.0,5.0,2975,1764,3418,12905,34.0,8528,18.0,48.0,136926,2.178,2.18,True
341,BPCL,Mar 2020,284572,275597,8975.0,3.0,1393,2637,4080,3652,0.0,3666,7.0,106.0,150860,1.8863,1.89,True
342,BPCL,Mar 2021,230171,209170,21001.0,9.0,7489,1723,4334,22432,23.0,17320,37.0,102.0,160978,1.4298,1.43,True
343,BPCL,Mar 2022,346791,327654,19137.0,6.0,4939,2606,5434,16037,27.0,11682,27.0,29.0,187529,1.8493,1.85,True
344,BPCL,Mar 2023,473187,462288,10899.0,2.0,2036,3745,6369,2821,24.0,2131,5.0,40.0,188109,2.5155,2.52,True
345,BPCL,Mar 2024,448083,404001,44082.0,10.0,3032,4149,6771,36194,26.0,26859,62.0,33.0,202418,2.2137,2.21,True
347,BRITANNIA,Mar 2013,6185,5765,421.0,7.0,52,41,73,358,27.0,260,11.0,39.0,1883,3.2847,3.28,True
348,BRITANNIA,Mar 2014,6913,6286,627.0,9.0,34,8,83,569,30.0,395,16.0,36.0,2107,3.281,3.28,True
349,BRITANNIA,Mar 2015,7858,6988,870.0,11.0,228,4,144,950,28.0,689,29.0,28.0,2793,2.8135,2.81,True
350,BRITANNIA,Mar 2016,8397,7174,1224.0,15.0,115,5,113,1220,32.0,825,34.0,29.0,3494,2.4033,2.4,True
351,BRITANNIA,Mar 2017,9054,7776,1278.0,14.0,151,5,119,1304,32.0,885,37.0,30.0,4109,2.2035,2.2,True
352,BRITANNIA,Mar 2018,9914,8413,1501.0,15.0,166,8,142,1518,34.0,1004,42.0,30.0,5188,1.9109,1.91,True
353,BRITANNIA,Mar 2019,11055,9322,1732.0,16.0,206,9,162,1768,35.0,1155,48.0,31.0,6238,1.7722,1.77,True
354,BRITANNIA,Mar 2020,11600,9756,1843.0,16.0,263,77,185,1844,24.0,1394,58.0,60.0,7830,1.4815,1.48,True
355,BRITANNIA,Mar 2021,13136,10627,2509.0,19.0,313,111,198,2514,26.0,1851,77.0,204.0,8000,1.642,1.64,True
356,BRITANNIA,Mar 2022,14136,11935,2201.0,16.0,222,144,201,2078,27.0,1516,63.0,89.0,7527,1.878,1.88,True
357,BRITANNIA,Mar 2023,16301,13470,2831.0,17.0,597,169,226,3033,24.0,2316,96.0,75.0,9351,1.7432,1.74,True
358,BRITANNIA,Mar 2024,16769,13603,3167.0,19.0,211,164,300,2913,27.0,2134,89.0,83.0,9072,1.8484,1.85,True
360,CANBK,Mar 2013,34070,26198,7217.0,655.0,2,3308,191,3771,22.0,2995,12.0,19.0,419324,0.0812,0.08,True
361,CANBK,Mar 2014,39570,30606,9636.0,-672.0,-2,4144,230,3242,20.0,2672,10.0,19.0,501090,0.079,0.08,True
362,CANBK,Mar 2015,43813,34133,10302.0,-621.0,-1,4733,429,3683,22.0,2931,11.0,17.0,558558,0.0784,0.08,True
363,CANBK,Mar 2016,44039,34263,17785.0,-8008.0,-18,5266,172,-2914,-13.0,-2535,-9.0,0.0,563725,0.0781,0.08,True
364,CANBK,Mar 2017,41457,31540,15691.0,-5775.0,-14,7852,331,1746,29.0,1411,5.0,4.0,596159,0.0695,0.07,True
365,CANBK,Mar 2018,41345,29113,25582.0,-13350.0,-32,7398,456,-6408,-36.0,-3873,-11.0,0.0,631435,0.0655,0.07,True
366,CANBK,Mar 2019,47951,32339,27202.0,-11590.0,-24,9907,429,-2111,-99.0,696,2.0,0.0,711783,0.0674,0.07,True
367,CANBK,Mar 2020,49759,35817,26809.0,-12867.0,-26,11799,446,-1514,34.0,-1921,-4.0,0.0,741440,0.0671,0.07,True
368,CANBK,Mar 2021,70253,45182,43437.0,-18367.0,-26,23086,838,3882,30.0,2957,4.0,0.0,1179540,0.0596,0.06,True
369,CANBK,Mar 2022,70614,43035,41235.0,-13657.0,-19,23643,841,9145,37.0,6158,7.0,19.0,1258789,0.0561,0.06,True
370,CANBK,Mar 2023,85885,52990,42772.0,-9877.0,-12,25325,1021,14427,25.0,11345,12.0,19.0,1381030,0.0622,0.06,True
371,CANBK,Mar 2024,110519,72118,46146.0,-7745.0,-7,28646,902,20000,26.0,15401,17.0,19.0,1535018,0.072,0.07,True
373,CHOLAFIN,Mar 2013,2570,1410,688.0,472.0,18,1,22,452,32.0,308,4.0,16.0,18228,0.141,0.14,True
374,CHOLAFIN,Mar 2014,3279,1769,932.0,578.0,18,1,25,554,34.0,368,5.0,14.0,21544,0.1522,0.15,True
375,CHOLAFIN,Mar 2015,3715,1958,1061.0,696.0,19,0,30,666,33.0,444,6.0,11.0,23868,0.1556,0.16,True
376,CHOLAFIN,Mar 2016,4214,2048,1266.0,899.0,21,2,22,879,35.0,575,7.0,12.0,27889,0.1511,0.15,True
377,CHOLAFIN,Mar 2017,4694,2228,1322.0,1143.0,24,3,39,1107,35.0,718,9.0,12.0,30598,0.1534,0.15,True
378,CHOLAFIN,Mar 2018,5559,2657,1451.0,1451.0,26,0,51,1401,34.0,918,12.0,11.0,44167,0.1259,0.13,True
379,CHOLAFIN,Mar 2019,7108,3588,1632.0,1888.0,27,1,57,1832,35.0,1197,15.0,8.0,57490,0.1236,0.12,True
380,CHOLAFIN,Mar 2020,8712,4592,2421.0,1699.0,20,0,111,1588,34.0,1054,13.0,13.0,64058,0.136,0.14,True
381,CHOLAFIN,Mar 2021,9583,4576,2913.0,2094.0,22,56,102,2048,26.0,1521,19.0,11.0,74644,0.1284,0.13,True
382,CHOLAFIN,Mar 2022,10148,4298,2926.0,2924.0,29,84,101,2908,26.0,2154,26.0,8.0,82478,0.123,0.12,True
383,CHOLAFIN,Mar 2023,12884,5748,3621.0,3515.0,27,220,121,3615,26.0,2665,32.0,6.0,113627,0.1134,0.11,True
384,CHOLAFIN,Mar 2024,19163,9231,5385.0,4548.0,24,255,198,4605,26.0,3420,41.0,5.0,156686,0.1223,0.12,True
386,CIPLA,Mar 2013,8279,34,6065.0,2214.0,27,245,330,2095,26.0,1545,19.0,10.0,11658,0.7102,0.71,True
387,CIPLA,Mar 2014,10173,146,8026.0,2147.0,21,251,373,1880,25.0,1404,17.0,12.0,13400,0.7592,0.76,True
388,CIPLA,Mar 2015,11345,168,9183.0,2163.0,19,164,505,1654,24.0,1229,15.0,14.0,15670,0.724,0.72,True
389,CIPLA,Mar 2016,13790,207,11310.0,2480.0,18,208,754,1727,19.0,1383,17.0,12.0,21049,0.6551,0.66,True
390,CIPLA,Mar 2017,14394,159,11898.0,2496.0,17,208,1323,1222,15.0,1035,13.0,16.0,20869,0.6897,0.69,True
391,CIPLA,Mar 2018,15156,114,12329.0,2826.0,19,280,1323,1669,15.0,1417,18.0,17.0,22673,0.6685,0.67,True
392,CIPLA,Mar 2019,16362,168,13265.0,3097.0,19,477,1326,2079,27.0,1492,19.0,16.0,23762,0.6886,0.69,True
393,CIPLA,Mar 2020,17132,197,13926.0,3206.0,19,344,1175,2178,29.0,1500,19.0,21.0,23423,0.7314,0.73,True
394,CIPLA,Mar 2021,19160,161,14907.0,4252.0,22,266,1068,3290,27.0,2389,30.0,17.0,24855,0.7709,0.77,True
395,CIPLA,Mar 2022,21763,106,17211.0,4553.0,21,99,1052,3493,27.0,2547,31.0,16.0,26857,0.8103,0.81,True
396,CIPLA,Mar 2023,22753,110,17726.0,5027.0,22,293,1172,4038,30.0,2833,35.0,24.0,29300,0.7766,0.78,True
397,CIPLA,Mar 2024,25774,90,19483.0,6291.0,24,552,1051,5702,27.0,4154,51.0,25.0,32533,0.7922,0.79,True
399,COALINDIA,Mar 2013,68303,46,50216.0,18087.0,26,8752,1813,24979,31.0,17356,27.0,51.0,110983,0.6154,0.62,True
400,COALINDIA,Mar 2014,70608,59,52842.0,17766.0,25,7169,1996,22880,34.0,15112,24.0,121.0,104938,0.6729,0.67,True
401,COALINDIA,Mar 2015,74120,9,56777.0,17343.0,23,6570,2320,21584,36.0,13727,22.0,95.0,111267,0.6661,0.67,True
402,COALINDIA,Mar 2016,77861,388,59147.0,18714.0,24,5939,2826,21440,33.0,14267,23.0,121.0,113560,0.6856,0.69,True
403,COALINDIA,Mar 2017,78164,410,65716.0,12448.0,16,5316,2907,14446,36.0,9280,15.0,133.0,118587,0.6591,0.66,True
404,COALINDIA,Mar 2018,85244,430,75956.0,9288.0,11,4975,3063,10770,35.0,7038,11.0,146.0,125471,0.6794,0.68,True
405,COALINDIA,Mar 2019,99586,264,74579.0,25007.0,25,5834,3450,27127,36.0,17464,28.0,46.0,133021,0.7486,0.75,True
406,COALINDIA,Mar 2020,96080,503,74500.0,21581.0,22,6444,3451,24071,31.0,16700,27.0,44.0,150020,0.6404,0.64,True
407,COALINDIA,Mar 2021,90026,642,71398.0,18628.0,21,3742,3718,18009,29.0,12702,21.0,78.0,161051,0.559,0.56,True
408,COALINDIA,Mar 2022,109715,541,84995.0,24721.0,23,3866,4429,23616,26.0,17378,28.0,60.0,179436,0.6114,0.61,True
409,COALINDIA,Mar 2023,138252,684,94020.0,44232.0,32,6560,6833,43275,27.0,31723,52.0,47.0,221396,0.6245,0.62,True
410,COALINDIA,Mar 2024,142324,819,94352.0,47971.0,34,8396,6735,48813,23.0,37369,61.0,42.0,236470,0.6019,0.6,True
412,DABUR,Mar 2013,6140,5148,992.0,16.0,100,59,85,948,19.0,766,4.0,34.0,4709,1.3039,1.3,True
413,DABUR,Mar 2014,7058,5897,1162.0,16.0,126,54,97,1136,19.0,916,5.0,33.0,5312,1.3287,1.33,True
414,DABUR,Mar 2015,7795,6475,1320.0,17.0,154,40,115,1319,19.0,1068,6.0,33.0,6106,1.2766,1.28,True
415,DABUR,Mar 2016,7780,6261,1518.0,20.0,217,48,133,1554,19.0,1254,7.0,32.0,6932,1.1223,1.12,True
416,DABUR,Mar 2017,7614,6102,1512.0,20.0,296,54,143,1611,21.0,1280,7.0,31.0,7732,0.9847,0.98,True
417,DABUR,Mar 2018,7722,6104,1617.0,21.0,291,53,162,1693,20.0,1358,8.0,81.0,8702,0.8874,0.89,True
418,DABUR,Mar 2019,8515,6775,1740.0,20.0,222,60,177,1725,16.0,1446,8.0,34.0,8437,1.0092,1.01,True
419,DABUR,Mar 2020,8685,6892,1792.0,21.0,205,50,220,1728,16.0,1448,8.0,37.0,9337,0.9302,0.93,True
420,DABUR,Mar 2021,9562,7560,2002.0,21.0,325,31,240,2056,18.0,1695,10.0,50.0,10833,0.8827,0.88,True
421,DABUR,Mar 2022,10889,8637,2252.0,21.0,308,39,253,2269,23.0,1742,10.0,53.0,12284,0.8864,0.89,True
422,DABUR,Mar 2023,11530,9367,2162.0,19.0,445,78,311,2219,23.0,1701,10.0,54.0,13652,0.8446,0.84,True
423,DABUR,Mar 2024,12404,10004,2400.0,19.0,482,124,399,2359,23.0,1811,10.0,53.0,15116,0.8206,0.82,True
425,DIVISLAB,Mar 2013,2145,1329,816.0,38.0,45,3,77,781,23.0,602,23.0,33.0,3139,0.6833,0.68,True
426,DIVISLAB,Mar 2014,2532,1514,1018.0,40.0,68,3,92,991,22.0,773,29.0,34.0,3710,0.6825,0.68,True
427,DIVISLAB,Mar 2015,3115,1942,1173.0,38.0,38,3,136,1072,21.0,852,32.0,31.0,4405,0.7072,0.71,True
428,DIVISLAB,Mar 2016,3776,2354,1423.0,38.0,93,5,118,1393,19.0,1126,42.0,24.0,4898,0.7709,0.77,True
429,DIVISLAB,Mar 2017,4064,2615,1450.0,36.0,72,3,123,1395,24.0,1060,40.0,25.0,6155,0.6603,0.66,True
430,DIVISLAB,Mar 2018,3891,2622,1269.0,33.0,107,2,142,1231,29.0,877,33.0,30.0,6785,0.5735,0.57,True
431,DIVISLAB,Mar 2019,4946,3072,1874.0,38.0,154,5,169,1855,27.0,1353,51.0,31.0,8036,0.6155,0.62,True
432,DIVISLAB,Mar 2020,5394,3568,1826.0,34.0,186,7,186,1819,24.0,1377,52.0,31.0,8531,0.6323,0.63,True
433,DIVISLAB,Mar 2021,6969,4102,2867.0,41.0,57,2,256,2666,26.0,1984,75.0,27.0,10771,0.647,0.65,True
434,DIVISLAB,Mar 2022,8960,5075,3885.0,43.0,112,2,312,3684,20.0,2960,112.0,27.0,13360,0.6707,0.67,True
435,DIVISLAB,Mar 2023,7767,5397,2370.0,31.0,344,2,343,2369,23.0,1824,69.0,44.0,14425,0.5384,0.54,True
436,DIVISLAB,Mar 2024,7845,5635,2210.0,28.0,335,4,378,2163,26.0,1600,60.0,50.0,15460,0.5074,0.51,True
438,DLF,Mar 2013,7773,5140,2633.0,34.0,1279,2314,796,802,17.0,667,4.0,48.0,64647,0.1202,0.12,True
439,DLF,Mar 2014,8298,5805,2493.0,30.0,1133,2463,663,500,-16.0,590,4.0,55.0,64525,0.1286,0.13,True
440,DLF,Mar 2015,7649,4635,3014.0,39.0,503,2304,545,668,24.0,507,3.0,66.0,66262,0.1154,0.12,True
441,DLF,Mar 2016,9926,5960,3966.0,40.0,506,2680,766,1026,55.0,305,2.0,117.0,61729,0.1608,0.16,True
442,DLF,Mar 2017,8221,4775,3446.0,42.0,1135,2980,572,1030,22.0,708,4.0,50.0,63954,0.1285,0.13,True
443,DLF,Mar 2018,6707,4329,2378.0,35.0,9722,2951,534,8615,50.0,4477,25.0,8.0,60585,0.1107,0.11,True
444,DLF,Mar 2019,8366,6218,2148.0,26.0,784,2062,225,646,43.0,1314,6.0,33.0,66483,0.1258,0.13,True
445,DLF,Mar 2020,6083,4937,1146.0,19.0,1135,1427,200,653,99.0,-590,-2.0,-85.0,55890,0.1088,0.11,True
446,DLF,Mar 2021,5414,3945,1469.0,27.0,383,853,159,840,43.0,1083,4.0,45.0,53488,0.1012,0.1,True
447,DLF,Mar 2022,5717,3974,1743.0,30.0,195,625,149,1165,28.0,1500,6.0,49.0,51167,0.1117,0.11,True
448,DLF,Mar 2023,5695,3969,1726.0,30.0,317,392,149,1502,27.0,2034,8.0,49.0,52572,0.1083,0.11,True
449,DLF,Mar 2024,6427,4303,2124.0,33.0,531,356,148,2151,24.0,2724,11.0,45.0,59069,0.1088,0.11,True
451,DMART,Mar 2013,3341,3126,215.0,6.0,15,43,46,141,34.0,94,2.0,0.0,1492,2.2393,2.24,True
452,DMART,Mar 2014,4686,4345,341.0,7.0,16,56,57,245,34.0,161,3.0,0.0,1808,2.5918,2.59,True
453,DMART,Mar 2015,6439,5983,456.0,7.0,20,72,82,323,34.0,212,4.0,0.0,2355,2.7342,2.73,True
454,DMART,Mar 2016,8584,7919,664.0,8.0,17,91,98,492,35.0,320,6.0,0.0,3102,2.7672,2.77,True
455,DMART,Mar 2017,11898,10929,969.0,8.0,28,122,128,747,36.0,479,8.0,0.0,5819,2.0447,2.04,True
456,DMART,Mar 2018,15033,13680,1353.0,9.0,88,60,159,1222,34.0,806,13.0,0.0,5648,2.6617,2.66,True
457,DMART,Mar 2019,20005,18371,1633.0,8.0,48,47,212,1422,37.0,902,14.0,0.0,7006,2.8554,2.86,True
458,DMART,Mar 2020,24870,22742,2128.0,9.0,60,69,374,1745,25.0,1301,20.0,0.0,12076,2.0595,2.06,True
459,DMART,Mar 2021,24143,22398,1745.0,7.0,194,42,414,1483,26.0,1099,17.0,0.0,13655,1.7681,1.77,True
460,DMART,Mar 2022,30976,28474,2502.0,8.0,114,54,498,2064,28.0,1492,23.0,0.0,15471,2.0022,2.0,True
461,DMART,Mar 2023,42840,39201,3639.0,8.0,128,67,639,3060,22.0,2378,37.0,0.0,18105,2.3662,2.37,True
462,DMART,Mar 2024,50789,46683,4106.0,8.0,145,58,731,3461,27.0,2536,39.0,0.0,21172,2.3989,2.4,True
464,DRREDDY,Mar 2013,11833,9164,2669.0,23.0,146,100,550,2165,29.0,1527,18.0,17.0,13380,0.8844,0.88,True
465,DRREDDY,Mar 2014,13415,10164,3251.0,24.0,170,127,648,2646,26.0,1963,23.0,16.0,15906,0.8434,0.84,True
466,DRREDDY,Mar 2015,15023,11515,3508.0,23.0,260,108,760,2900,19.0,2336,27.0,15.0,18457,0.8139,0.81,True
467,DRREDDY,Mar 2016,15568,11983,3585.0,23.0,295,83,939,2859,26.0,2131,25.0,16.0,20330,0.7658,0.77,True
468,DRREDDY,Mar 2017,14196,11724,2472.0,17.0,172,79,1027,1554,19.0,1292,16.0,26.0,21654,0.6556,0.66,True
469,DRREDDY,Mar 2018,14281,11930,2351.0,16.0,155,79,1077,1350,32.0,947,11.0,35.0,22349,0.639,0.64,True
470,DRREDDY,Mar 2019,15448,12270,3178.0,21.0,381,89,1135,2336,17.0,1950,23.0,17.0,22418,0.6891,0.69,True
471,DRREDDY,Mar 2020,17517,15040,2477.0,14.0,670,98,1163,1886,-7.0,2026,24.0,21.0,23223,0.7543,0.75,True
472,DRREDDY,Mar 2021,19048,15173,3874.0,20.0,335,97,1229,2884,32.0,1952,23.0,21.0,26588,0.7164,0.72,True
473,DRREDDY,Mar 2022,21545,17778,3768.0,17.0,555,96,1165,3061,29.0,2182,26.0,23.0,29746,0.7243,0.72,True
474,DRREDDY,Mar 2023,24670,18200,6470.0,26.0,971,143,1250,6048,25.0,4507,54.0,15.0,32209,0.7659,0.77,True
475,DRREDDY,Mar 2024,28011,20078,7933.0,28.0,909,171,1470,7201,23.0,5578,67.0,12.0,38780,0.7223,0.72,True
477,EICHERMOT,Dec 2012,6390,5840,550.0,9.0,136,4,82,600,21.0,475,12.0,17.0,4471,1.4292,1.43,True
478,EICHERMOT,Dec 2013,6810,6094,715.0,11.0,93,8,130,671,22.0,525,15.0,21.0,5337,1.276,1.28,True
479,EICHERMOT,Dec 2014,8738,7621,1118.0,13.0,105,10,220,993,29.0,702,23.0,22.0,6403,1.3647,1.36,True
480,EICHERMOT,Mar 2016,6173,4484,1690.0,27.0,326,2,137,1877,29.0,1338,49.0,20.0,4939,1.2498,1.25,True
481,EICHERMOT,Mar 2017,7033,4859,2174.0,31.0,416,4,154,2433,30.0,1667,61.0,16.0,7009,1.0034,1.0,True
482,EICHERMOT,Mar 2018,8965,6156,2809.0,31.0,536,5,223,3116,30.0,1960,72.0,15.0,9522,0.9415,0.94,True
483,EICHERMOT,Mar 2019,9797,6893,2904.0,30.0,701,7,300,3297,33.0,2203,81.0,15.0,11387,0.8604,0.86,True
484,EICHERMOT,Mar 2020,9154,6971,2183.0,24.0,572,19,382,2355,22.0,1827,67.0,19.0,12450,0.7353,0.74,True
485,EICHERMOT,Mar 2021,8720,6937,1783.0,20.0,482,16,451,2203,25.0,1347,49.0,34.0,14559,0.5989,0.6,True
486,EICHERMOT,Mar 2022,10298,8120,2178.0,21.0,496,19,452,2203,24.0,1677,61.0,34.0,16140,0.638,0.64,True
487,EICHERMOT,Mar 2023,14442,10996,3446.0,24.0,908,28,526,3800,23.0,2914,107.0,35.0,19198,0.7523,0.75,True
488,EICHERMOT,Mar 2024,16536,12206,4329.0,26.0,1521,51,598,5202,23.0,4001,146.0,35.0,23115,0.7154,0.72,True
490,GAIL,Mar 2013,50974,43547,7427.0,15.0,887,437,1319,6558,34.0,4367,6.0,28.0,59809,0.8523,0.85,True
491,GAIL,Mar 2014,61765,53777,7988.0,13.0,1247,669,1644,6922,32.0,4786,7.0,28.0,66865,0.9237,0.92,True
492,GAIL,Mar 2015,60557,54926,5631.0,9.0,945,652,1433,4492,32.0,3160,5.0,24.0,69669,0.8692,0.87,True
493,GAIL,Mar 2016,52053,47517,4536.0,9.0,731,822,1496,2949,37.0,1874,3.0,37.0,59063,0.8813,0.88,True
494,GAIL,Mar 2017,48552,42531,6021.0,12.0,1212,509,1541,5183,35.0,3374,5.0,56.0,58291,0.8329,0.83,True
495,GAIL,Mar 2018,54496,46695,7802.0,14.0,948,295,1527,6928,31.0,4805,7.0,43.0,61353,0.8882,0.89,True
496,GAIL,Mar 2019,76190,66252,9938.0,13.0,1719,159,1667,9831,33.0,6553,10.0,25.0,68426,1.1135,1.11,True
497,GAIL,Mar 2020,72518,63495,9022.0,12.0,3796,309,2080,10429,9.0,9515,14.0,31.0,74934,0.9678,0.97,True
498,GAIL,Mar 2021,57372,50127,7245.0,13.0,2833,179,2174,7725,20.0,6143,9.0,36.0,81030,0.708,0.71,True
499,GAIL,Mar 2022,92770,77608,15161.0,16.0,2925,202,2420,15464,20.0,12304,18.0,36.0,96584,0.9605,0.96,True
500,GAIL,Mar 2023,145668,138168,7500.0,5.0,2822,365,2702,7256,23.0,5596,9.0,59.0,107805,1.3512,1.35,True
501,GAIL,Mar 2024,133228,118914,14314.0,11.0,2672,719,3672,12595,21.0,9903,15.0,37.0,124735,1.0681,1.07,True
503,GODREJCP,Mar 2013,6412,5417,995.0,16.0,194,87,77,1025,17.0,845,8.0,22.0,7695,0.8333,0.83,True
504,GODREJCP,Mar 2014,7599,6430,1169.0,15.0,62,120,82,1030,20.0,819,7.0,24.0,8320,0.9133,0.91,True
505,GODREJCP,Mar 2015,8273,6894,1379.0,17.0,73,112,91,1249,22.0,976,9.0,21.0,9125,0.9066,0.91,True
506,GODREJCP,Mar 2016,8424,6766,1657.0,20.0,-262,128,101,1167,29.0,831,8.0,24.0,9679,0.8703,0.87,True
507,GODREJCP,Mar 2017,9268,7361,1907.0,21.0,76,154,142,1687,22.0,1308,13.0,39.0,12940,0.7162,0.72,True
508,GODREJCP,Mar 2018,9847,7763,2084.0,21.0,283,173,156,2039,20.0,1634,16.0,42.0,13864,0.7103,0.71,True
509,GODREJCP,Mar 2019,10314,8183,2132.0,21.0,362,238,170,2085,-12.0,2342,23.0,44.0,14094,0.7318,0.73,True
510,GODREJCP,Mar 2020,9911,7757,2154.0,22.0,32,228,197,1760,15.0,1497,15.0,55.0,14880,0.6661,0.67,True
511,GODREJCP,Mar 2021,11029,8629,2399.0,22.0,23,138,204,2080,17.0,1721,17.0,0.0,14244,0.7743,0.77,True
512,GODREJCP,Mar 2022,12276,9867,2409.0,20.0,78,122,210,2155,17.0,1783,17.0,0.0,16082,0.7633,0.76,True
513,GODREJCP,Mar 2023,13316,10873,2443.0,18.0,114,188,236,2133,20.0,1702,17.0,0.0,17437,0.7637,0.76,True
514,GODREJCP,Mar 2024,14096,11139,2957.0,21.0,-2209,310,241,198,99.0,-561,-5.0,,18392,0.7664,0.77,True
516,GRASIM,Mar 2013,27909,21986,5924.0,21.0,824,324,1252,5171,28.0,3778,57.0,8.0,44123,0.6325,0.63,True
517,GRASIM,Mar 2014,28331,23416,4915.0,17.0,576,447,1457,3586,20.0,2954,44.0,9.0,47736,0.5935,0.59,True
518,GRASIM,Mar 2015,31734,26590,5144.0,16.0,530,667,1563,3443,30.0,2582,37.0,9.0,54033,0.5873,0.59,True
519,GRASIM,Mar 2016,34487,28576,5911.0,17.0,1320,718,1834,4679,26.0,3455,51.0,9.0,59576,0.5789,0.58,True
520,GRASIM,Mar 2017,36068,28682,7387.0,20.0,1076,702,1808,5952,29.0,4246,66.0,8.0,62747,0.5748,0.57,True
521,GRASIM,Mar 2018,55894,44281,11612.0,21.0,410,3663,2724,5635,35.0,3688,39.0,15.0,207899,0.2689,0.27,True
522,GRASIM,Mar 2019,77200,60560,16640.0,22.0,-1846,6060,3571,5163,47.0,2745,25.0,27.0,241127,0.3202,0.32,True
523,GRASIM,Mar 2020,68252,57880,10373.0,15.0,7076,6890,4004,6554,-1.0,6639,65.0,6.0,244181,0.2795,0.28,True
524,GRASIM,Mar 2021,76404,57769,18635.0,24.0,1130,5723,4033,10009,30.0,6987,63.0,14.0,267349,0.2858,0.29,True
525,GRASIM,Mar 2022,95701,75270,20431.0,21.0,1648,4776,4161,13143,15.0,11206,111.0,9.0,289149,0.331,0.33,True
526,GRASIM,Mar 2023,117627,96038,21589.0,18.0,3733,6044,4552,14727,25.0,11078,100.0,10.0,336823,0.3492,0.35,True
527,GRASIM,Mar 2024,130978,103783,27195.0,21.0,783,9277,5001,13700,28.0,9926,85.0,12.0,412116,0.3178,0.32,True
532,HAL,Mar 2016,16758,14281,2478.0,15.0,1598,6,863,3207,38.0,1998,28.0,31.0,176,,95.22,False
533,HAL,Mar 2017,17950,14714,3236.0,18.0,1044,16,681,3583,27.0,2616,36.0,31.0,170,105.5882,105.59,True
534,HAL,Mar 2018,18519,15059,3460.0,19.0,761,35,947,3240,39.0,1987,30.0,54.0,166,111.5602,111.56,True
535,HAL,Mar 2019,20008,15440,4569.0,23.0,376,177,1024,3742,37.0,2346,35.0,28.0,175,114.3314,114.33,True
536,HAL,Mar 2020,21445,16565,4880.0,23.0,415,359,998,3938,28.0,2842,42.0,39.0,173,123.9595,123.96,True
537,HAL,Mar 2021,22882,17541,5341.0,23.0,360,267,1157,4277,24.0,3239,48.0,31.0,186,123.0215,123.02,True
538,HAL,Mar 2022,24620,19200,5420.0,22.0,986,65,1110,5231,3.0,5086,76.0,26.0,202,121.8812,121.88,True
539,HAL,Mar 2023,26928,20258,6669.0,25.0,1672,64,1784,6493,10.0,5811,87.0,32.0,271,99.3653,99.37,True
540,HAL,Mar 2024,30381,20631,9749.0,32.0,1899,43,1406,10199,26.0,7595,114.0,31.0,450,67.5133,67.51,True
542,HAVELLS,Mar 2013,7135,6461,674.0,9.0,222,123,110,664,12.0,581,9.0,16.0,4458,1.6005,1.6,True
543,HAVELLS,Mar 2014,8051,7274,777.0,10.0,35,102,116,594,25.0,446,7.0,42.0,5332,1.5099,1.51,True
544,HAVELLS,Mar 2015,8468,7713,755.0,9.0,48,96,139,569,32.0,385,6.0,49.0,4788,1.7686,1.77,True
545,HAVELLS,Mar 2016,7594,6798,796.0,10.0,949,91,134,1520,14.0,1300,21.0,29.0,4387,1.731,1.73,True
546,HAVELLS,Mar 2017,6130,5315,815.0,13.0,42,13,121,723,32.0,494,8.0,44.0,5168,1.1861,1.19,True
547,HAVELLS,Mar 2018,8116,7083,1033.0,13.0,97,25,140,965,31.0,661,11.0,4.0,6608,1.2282,1.23,True
548,HAVELLS,Mar 2019,10073,8885,1189.0,12.0,124,16,149,1147,31.0,788,13.0,36.0,7148,1.4092,1.41,True
549,HAVELLS,Mar 2020,9440,8374,1067.0,11.0,107,51,218,904,19.0,735,12.0,34.0,7073,1.3347,1.33,True
550,HAVELLS,Mar 2021,10457,8868,1589.0,15.0,187,90,249,1438,27.0,1044,17.0,39.0,8852,1.1813,1.18,True
551,HAVELLS,Mar 2022,13938,12163,1775.0,13.0,159,67,261,1607,26.0,1196,19.0,39.0,10523,1.3245,1.32,True
552,HAVELLS,Mar 2023,16911,15290,1621.0,10.0,178,55,296,1447,26.0,1072,17.0,44.0,11157,1.5157,1.52,True
553,HAVELLS,Mar 2024,18590,16709,1881.0,10.0,249,84,338,1707,26.0,1271,20.0,44.0,12433,1.4952,1.5,True
555,HCLTECH,Jun 2013,25581,19901,5680.0,22.0,332,106,637,5270,23.0,4040,14.0,21.0,22399,1.1421,1.14,True
556,HCLTECH,Jun 2014,32144,24108,8035.0,25.0,677,114,681,7917,18.0,6528,23.0,11.0,29980,1.0722,1.07,True
557,HCLTECH,Jun 2015,36701,28215,8486.0,23.0,1126,91,404,9117,20.0,7342,26.0,58.0,35245,1.0413,1.04,True
559,HCLTECH,Mar 2017,47568,37178,10390.0,22.0,1069,89,828,10542,18.0,8606,30.0,40.0,45762,1.0395,1.04,True
560,HCLTECH,Mar 2018,50569,39323,11246.0,22.0,1230,69,1383,11024,21.0,8722,31.0,19.0,47989,1.0538,1.05,True
561,HCLTECH,Mar 2019,60427,46501,13926.0,23.0,943,174,2073,12622,20.0,10120,37.0,11.0,58349,1.0356,1.04,True
562,HCLTECH,Mar 2020,70676,53360,17316.0,24.0,589,505,3420,13980,21.0,11057,41.0,25.0,82819,0.8534,0.85,True
563,HCLTECH,Mar 2021,75379,55331,20048.0,27.0,927,511,4611,15853,30.0,11169,41.0,24.0,86047,0.876,0.88,True
564,HCLTECH,Mar 2022,85651,65122,20529.0,24.0,1067,319,4326,16951,20.0,13523,50.0,84.0,88921,0.9632,0.96,True
565,HCLTECH,Mar 2023,101456,78828,22628.0,22.0,1358,353,4145,19488,24.0,14845,55.0,88.0,93250,1.088,1.09,True
566,HCLTECH,Mar 2024,109913,85715,24198.0,22.0,1495,553,4173,20967,25.0,15710,58.0,90.0,99006,1.1102,1.11,True
568,HDFCBANK,Mar 2013,35861,19695,12631.0,3534.0,10,7133,663,10004,31.0,6903,14.0,19.0,407723,0.088,0.09,True
569,HDFCBANK,Mar 2014,42555,23445,13508.0,5602.0,13,8298,689,13211,34.0,8768,18.0,19.0,503620,0.0845,0.08,True
570,HDFCBANK,Mar 2015,50666,27288,16164.0,7214.0,14,9546,680,16079,33.0,10703,21.0,19.0,607097,0.0835,0.08,True
571,HDFCBANK,Mar 2016,63162,34070,20055.0,9037.0,14,11212,738,19511,34.0,12821,25.0,19.0,762212,0.0829,0.08,True
572,HDFCBANK,Mar 2017,73271,38042,23856.0,11374.0,16,12905,886,23393,35.0,15317,30.0,18.0,892344,0.0821,0.08,True
573,HDFCBANK,Mar 2018,85288,42381,29532.0,13374.0,16,16057,967,28464,35.0,18561,36.0,18.0,1103186,0.0773,0.08,True
574,HDFCBANK,Mar 2019,105161,53713,34856.0,16592.0,16,18947,1221,34318,35.0,22446,41.0,18.0,1292806,0.0813,0.08,True
575,HDFCBANK,Mar 2020,122189,62137,45459.0,14593.0,12,24879,1277,38195,29.0,27296,50.0,5.0,1580830,0.0773,0.08,True
576,HDFCBANK,Mar 2021,128552,59248,52457.0,16848.0,13,27333,1385,42796,26.0,31857,58.0,11.0,1799507,0.0714,0.07,True
577,HDFCBANK,Mar 2022,135936,58584,56557.0,20795.0,15,31759,1681,50873,25.0,38151,69.0,23.0,2122934,0.064,0.06,True
578,HDFCBANK,Mar 2023,170754,77780,63042.0,29932.0,18,33912,2345,61498,25.0,46149,82.0,23.0,2530432,0.0675,0.07,True
579,HDFCBANK,Mar 2024,283649,154139,174196.0,-44685.0,-16,124346,3092,76569,15.0,65446,84.0,23.0,4030194,0.0704,0.07,True
581,HDFCLIFE,Mar 2013,14060,15,13535.0,525.0,4,28,35,502,11.0,447,2.0,0.0,41918,0.3354,0.34,True
582,HDFCLIFE,Mar 2014,17166,11,16561.0,605.0,4,241,41,794,9.0,725,4.0,14.0,52275,0.3284,0.33,True
583,HDFCLIFE,Mar 2015,27215,-14,26341.0,874.0,3,79,43,924,15.0,786,4.0,18.0,69309,0.3927,0.39,True
584,HDFCLIFE,Mar 2016,18141,8,17187.0,953.0,5,108,45,1008,19.0,817,4.0,22.0,76544,0.237,0.24,True
585,HDFCLIFE,Mar 2017,30647,9,29674.0,972.0,3,139,41,1061,16.0,887,4.0,25.0,95097,0.3223,0.32,True
586,HDFCLIFE,Mar 2018,32260,11,31186.0,1074.0,3,282,44,1300,15.0,1107,6.0,25.0,110483,0.292,0.29,True
587,HDFCLIFE,Mar 2019,38855,14,37640.0,1215.0,3,136,45,1291,1.0,1278,6.0,26.0,130020,0.2988,0.3,True
588,HDFCLIFE,Mar 2020,29380,0,28239.0,1141.0,4,369,47,1463,11.0,1297,6.0,0.0,132224,0.2222,0.22,True
589,HDFCLIFE,Mar 2021,71528,0,70294.0,1235.0,2,445,51,1629,16.0,1361,7.0,30.0,179655,0.3981,0.4,True
590,HDFCLIFE,Mar 2022,67126,0,66348.0,778.0,1,766,56,1487,11.0,1327,6.0,27.0,230734,0.2909,0.29,True
591,HDFCLIFE,Mar 2023,70207,0,70127.0,80.0,0,1437,76,1441,5.0,1368,6.0,30.0,248069,0.283,0.28,True
592,HDFCLIFE,Mar 2024,101482,0,100951.0,531.0,1,525,79,977,-61.0,1574,7.0,27.0,302687,0.3353,0.34,True
594,HEROMOTOCO,Mar 2014,25275,12,21722.0,3553.0,14,430,1107,2864,26.0,2102,105.0,62.0,10122,2.497,2.5,True
595,HEROMOTOCO,Mar 2015,27538,12,24018.0,3520.0,13,325,540,3292,29.0,2364,118.0,51.0,10654,2.5848,2.58,True
596,HEROMOTOCO,Mar 2016,28457,15,24033.0,4424.0,16,421,443,4387,29.0,3112,157.0,46.0,12896,2.2067,2.21,True
597,HEROMOTOCO,Mar 2017,28610,27,24025.0,4585.0,16,830,502,4885,27.0,3546,179.0,47.0,15312,1.8685,1.87,True
598,HEROMOTOCO,Mar 2018,32458,31,27124.0,5334.0,16,564,575,5292,30.0,3722,186.0,51.0,17397,1.8657,1.87,True
599,HEROMOTOCO,Mar 2019,33971,37,28946.0,5025.0,15,741,624,5104,32.0,3466,172.0,50.0,18504,1.8359,1.84,True
600,HEROMOTOCO,Mar 2020,29254,47,25184.0,4070.0,14,1434,846,4611,21.0,3659,182.0,49.0,19674,1.4869,1.49,True
601,HEROMOTOCO,Mar 2021,30959,46,26902.0,4058.0,13,553,715,3849,24.0,2936,146.0,72.0,23096,1.3404,1.34,True
602,HEROMOTOCO,Mar 2022,29551,53,26295.0,3256.0,11,545,690,3058,24.0,2329,116.0,82.0,22478,1.3147,1.31,True
603,HEROMOTOCO,Mar 2023,34158,105,30060.0,4099.0,12,567,697,3864,28.0,2800,141.0,71.0,23917,1.4282,1.43,True
604,HEROMOTOCO,Mar 2024,37789,76,32554.0,5235.0,14,689,757,5090,26.0,3742,187.0,75.0,26153,1.4449,1.44,True
606,HINDALCO,Mar 2013,80193,2079,72494.0,7699.0,10,1111,2822,3909,23.0,3007,16.0,6.0,120590,0.665,0.67,False
607,HINDALCO,Mar 2014,87695,2702,79671.0,8024.0,9,677,3347,2653,20.0,2195,11.0,9.0,137982,0.6356,0.64,True
608,HINDALCO,Mar 2015,104281,4178,95437.0,8844.0,8,-832,3493,340,75.0,259,4.0,24.0,141746,0.7357,0.74,True
609,HINDALCO,Mar 2016,98759,5134,90981.0,7778.0,8,1500,4347,-203,99.0,-702,-1.0,-82.0,141146,0.6997,0.7,True
610,HINDALCO,Mar 2017,100184,5742,87867.0,12317.0,12,1198,4457,3315,43.0,1882,8.0,13.0,146144,0.6855,0.69,True
611,HINDALCO,Mar 2018,115183,3911,101488.0,13695.0,12,2879,4506,8157,25.0,6083,27.0,4.0,147014,0.7835,0.78,True
612,HINDALCO,Mar 2019,130542,3778,115031.0,15511.0,12,1127,4777,8083,32.0,5495,24.0,5.0,151972,0.859,0.86,True
613,HINDALCO,Mar 2020,118144,4197,103838.0,14306.0,12,906,5091,5924,36.0,3767,17.0,6.0,168618,0.7007,0.7,True
614,HINDALCO,Mar 2021,132008,3738,114449.0,17559.0,13,-987,6628,6206,44.0,3483,16.0,19.0,188822,0.6991,0.7,True
615,HINDALCO,Mar 2022,195059,3768,166712.0,28347.0,15,1253,6729,19103,28.0,13730,61.0,6.0,221855,0.8792,0.88,True
616,HINDALCO,Mar 2023,223202,3646,200536.0,22666.0,10,1307,7086,13241,24.0,10097,45.0,7.0,223489,0.9987,1.0,True
617,HINDALCO,Mar 2024,215962,3858,192090.0,23872.0,11,1519,7521,14012,28.0,10155,45.0,8.0,230723,0.936,0.94,True
619,HINDUNILVR,Mar 2013,27004,26,22784.0,4220.0,16,1123,251,5066,24.0,3839,18.0,104.0,12092,2.2332,2.23,True
620,HINDUNILVR,Mar 2014,29234,41,24475.0,4759.0,16,792,296,5215,24.0,3956,18.0,71.0,13754,2.1255,2.13,True
621,HINDUNILVR,Mar 2015,31972,18,26560.0,5412.0,17,1247,322,6320,31.0,4376,20.0,74.0,14430,2.2157,2.22,True
622,HINDUNILVR,Mar 2016,32186,17,26276.0,5910.0,18,486,353,6026,31.0,4151,19.0,83.0,14793,2.1758,2.18,True
623,HINDUNILVR,Mar 2017,33162,35,26834.0,6328.0,19,606,432,6467,31.0,4490,21.0,82.0,15706,2.1114,2.11,True
624,HINDUNILVR,Mar 2018,35545,26,28046.0,7499.0,21,353,520,7306,28.0,5227,24.0,83.0,17862,1.99,1.99,True
625,HINDUNILVR,Mar 2019,39310,33,30430.0,8880.0,23,322,565,8604,30.0,6060,28.0,78.0,18629,2.1102,2.11,True
626,HINDUNILVR,Mar 2020,39783,118,29922.0,9861.0,25,424,1002,9165,26.0,6756,31.0,80.0,20153,1.974,1.97,True
627,HINDUNILVR,Mar 2021,47028,117,35402.0,11626.0,25,170,1074,10605,25.0,7999,34.0,119.0,68740,0.6841,0.68,True
628,HINDUNILVR,Mar 2022,52446,106,39589.0,12857.0,25,219,1091,11879,25.0,8892,38.0,90.0,70506,0.7439,0.74,True
629,HINDUNILVR,Mar 2023,60580,114,46433.0,14147.0,23,448,1137,13344,24.0,10143,43.0,91.0,73077,0.829,0.83,True
630,HINDUNILVR,Mar 2024,61896,334,47237.0,14659.0,24,817,1216,13926,26.0,10282,44.0,96.0,78489,0.7886,0.79,True
632,ICICIBANK,Mar 2013,44885,28285,31684.0,-15085.0,-34,29320,625,13610,26.0,10130,15.0,24.0,674822,0.0665,0.07,True
633,ICICIBANK,Mar 2014,49479,29711,32852.0,-13084.0,-26,30085,719,16282,28.0,11677,17.0,24.0,747762,0.0662,0.07,True
634,ICICIBANK,Mar 2015,54964,32318,38766.0,-16120.0,-29,35252,798,18334,29.0,12942,19.0,24.0,826079,0.0665,0.07,True
635,ICICIBANK,Mar 2016,59294,33996,52252.0,-26955.0,-45,42102,843,14304,24.0,10927,16.0,29.0,918756,0.0645,0.06,True
636,ICICIBANK,Mar 2017,60940,34836,63841.0,-37737.0,-62,52458,912,13809,18.0,11340,16.0,14.0,985725,0.0618,0.06,True
637,ICICIBANK,Mar 2018,62162,34262,72806.0,-44906.0,-72,56807,922,10978,17.0,9100,12.0,12.0,1124281,0.0553,0.06,True
638,ICICIBANK,Mar 2019,71982,39178,83775.0,-50971.0,-71,59325,946,7408,23.0,5689,7.0,15.0,1238794,0.0581,0.06,True
639,ICICIBANK,Mar 2020,84836,44666,85361.0,-45190.0,-53,64950,1171,18589,40.0,11225,15.0,0.0,1377292,0.0616,0.06,True
640,ICICIBANK,Mar 2021,89163,42659,91309.0,-44805.0,-50,72174,1340,26028,22.0,20364,27.0,8.0,1573812,0.0567,0.06,True
641,ICICIBANK,Mar 2022,95407,41167,80798.0,-26558.0,-28,62129,1330,34241,25.0,26538,36.0,14.0,1752637,0.0544,0.05,True
642,ICICIBANK,Mar 2023,121067,50543,87864.0,-17341.0,-14,65112,1515,46256,26.0,35461,49.0,16.0,1958490,0.0618,0.06,True
643,ICICIBANK,Mar 2024,159516,74108,99560.0,-14152.0,-9,76522,1935,60434,26.0,46081,63.0,16.0,2364063,0.0675,0.07,True
645,ICICIGI,Mar 2013,4012,8,4191.0,-178.0,-4,586,49,351,0.0,353,8.0,0.0,12637,0.3175,0.32,True
646,ICICIGI,Mar 2014,4352,9,4578.0,-225.0,-5,817,50,533,3.0,520,12.0,0.0,14744,0.2952,0.3,True
647,ICICIGI,Mar 2015,4234,12,4456.0,-221.0,-5,992,54,705,17.0,585,13.0,15.0,14646,0.2891,0.29,True
648,ICICIGI,Mar 2016,6033,0,5269.0,764.0,13,0,57,708,28.0,507,11.0,26.0,15676,0.3849,0.38,True
649,ICICIGI,Mar 2017,7520,0,6601.0,919.0,12,-2,7,910,23.0,702,16.0,22.0,23351,0.322,0.32,True
650,ICICIGI,Mar 2018,6912,59,7174.0,-262.0,-4,1569,51,1196,28.0,862,19.0,17.0,29750,0.2323,0.23,True
651,ICICIGI,Mar 2019,11163,70,9494.0,1669.0,15,-2,0,1598,34.0,1049,23.0,26.0,33403,0.3342,0.33,True
652,ICICIGI,Mar 2020,11517,0,9745.0,1772.0,15,15,90,1697,30.0,1194,26.0,13.0,37042,0.3109,0.31,True
653,ICICIGI,Mar 2021,12161,0,10090.0,2072.0,17,12,130,1954,25.0,1473,32.0,25.0,39298,0.3095,0.31,True
654,ICICIGI,Mar 2022,16026,0,15010.0,1016.0,6,809,141,1684,24.0,1271,26.0,35.0,50848,0.3152,0.32,True
655,ICICIGI,Mar 2023,17876,0,16612.0,1264.0,7,991,142,2113,18.0,1729,35.0,31.0,55086,0.3245,0.32,True
656,ICICIGI,Mar 2024,20487,0,17910.0,2577.0,13,112,134,2555,25.0,1919,39.0,28.0,63308,0.3236,0.32,True
658,ICICIPRULI,Mar 2013,20025,14,19280.0,745.0,4,900,41,1591,5.0,1515,11.0,32.0,75220,0.2662,0.27,True
659,ICICIPRULI,Mar 2014,21888,15,20384.0,1504.0,7,129,47,1572,1.0,1561,11.0,70.0,81474,0.2687,0.27,True
660,ICICIPRULI,Mar 2015,34453,17,32798.0,1655.0,5,43,40,1642,0.0,1640,11.0,51.0,101215,0.3404,0.34,True
661,ICICIPRULI,Mar 2016,20849,0,19008.0,1842.0,9,0,0,1842,10.0,1650,12.0,73.0,104765,0.199,0.2,True
662,ICICIPRULI,Mar 2017,37816,15,36010.0,1806.0,5,130,58,1863,10.0,1682,12.0,63.0,124741,0.3032,0.3,True
663,ICICIPRULI,Mar 2018,38832,20,37062.0,1771.0,5,132,44,1839,12.0,1619,11.0,59.0,141819,0.2738,0.27,True
664,ICICIPRULI,Mar 2019,41463,23,40922.0,541.0,1,813,57,1274,11.0,1139,8.0,40.0,163086,0.2542,0.25,True
665,ICICIPRULI,Mar 2020,21025,0,21344.0,-319.0,-2,1578,61,1198,11.0,1067,7.0,11.0,156031,0.1347,0.13,True
666,ICICIPRULI,Mar 2021,83182,0,83572.0,-390.0,0,1669,60,1219,22.0,956,7.0,30.0,217220,0.3829,0.38,True
667,ICICIPRULI,Mar 2022,63564,0,65728.0,-2163.0,-3,3191,67,961,21.0,759,5.0,10.0,244437,0.26,0.26,True
668,ICICIPRULI,Mar 2023,50478,0,52235.0,-1757.0,-3,2925,84,1085,25.0,813,6.0,11.0,255851,0.1973,0.2,True
669,ICICIPRULI,Mar 2024,90307,0,92136.0,-1829.0,-2,2970,113,1028,17.0,851,6.0,10.0,299001,0.302,0.3,True
697,INDUSINDBK,Mar 2013,6983,4750,1947.0,286.0,4,1363,73,1576,33.0,1061,20.0,15.0,73307,0.0953,0.1,True
698,INDUSINDBK,Mar 2014,8254,5363,2555.0,335.0,4,1891,98,2128,34.0,1408,27.0,13.0,87026,0.0948,0.09,True
699,INDUSINDBK,Mar 2015,9692,6272,3133.0,288.0,3,2548,127,2709,34.0,1794,34.0,12.0,111787,0.0867,0.09,True
700,INDUSINDBK,Mar 2016,11872,7355,4188.0,329.0,3,3297,157,3469,34.0,2286,38.0,12.0,142897,0.0831,0.08,True
701,INDUSINDBK,Mar 2017,14406,8343,5684.0,379.0,3,4171,191,4360,34.0,2868,48.0,13.0,178648,0.0806,0.08,True
702,INDUSINDBK,Mar 2018,17281,9783,6555.0,942.0,5,4750,212,5481,34.0,3606,60.0,12.0,221626,0.078,0.08,True
703,INDUSINDBK,Mar 2019,22261,13415,9283.0,-437.0,-2,5647,229,4981,34.0,3301,55.0,14.0,277819,0.0801,0.08,True
704,INDUSINDBK,Mar 2020,28783,16724,12611.0,-553.0,-2,6951,278,6121,28.0,4418,64.0,0.0,307058,0.0937,0.09,True
705,INDUSINDBK,Mar 2021,29000,15472,15997.0,-2469.0,-9,6559,305,3784,25.0,2836,37.0,14.0,362973,0.0799,0.08,True
706,INDUSINDBK,Mar 2022,30822,15822,15840.0,-839.0,-3,7334,321,6174,25.0,4611,60.0,14.0,401975,0.0767,0.08,True
707,INDUSINDBK,Mar 2023,36368,18776,15525.0,2067.0,6,8166,373,9860,25.0,7390,95.0,15.0,457804,0.0794,0.08,True
708,INDUSINDBK,Mar 2024,45748,25132,17638.0,2978.0,7,9388,425,11942,25.0,8950,115.0,14.0,514935,0.0888,0.09,True
710,INFY,Mar 2013,40352,28814,11538.0,29.0,2365,5,1099,12799,26.0,9429,21.0,25.0,46275,0.872,0.87,True
711,INFY,Mar 2014,50133,36743,13390.0,27.0,2664,9,1317,14728,28.0,10656,23.0,34.0,56966,0.8801,0.88,True
712,INFY,Mar 2015,53319,38436,14883.0,28.0,3430,12,1017,17284,28.0,12372,27.0,55.0,66289,0.8043,0.8,True
713,INFY,Mar 2016,62441,45362,17079.0,27.0,3120,0,1459,18740,28.0,13489,29.0,41.0,75098,0.8315,0.83,True
714,INFY,Mar 2017,68484,49880,18604.0,27.0,3050,0,1703,19951,28.0,14353,31.0,41.0,83148,0.8236,0.82,True
715,INFY,Mar 2018,70522,51700,18822.0,27.0,3311,0,1863,20270,21.0,16029,37.0,59.0,79349,0.8888,0.89,True
716,INFY,Mar 2019,82675,62505,20170.0,24.0,2882,0,2011,21041,27.0,15410,35.0,60.0,84066,0.9835,0.98,True
717,INFY,Mar 2020,90791,68524,22267.0,25.0,2803,170,2893,22007,24.0,16639,39.0,45.0,91800,0.989,0.99,True
718,INFY,Mar 2021,100472,72583,27889.0,28.0,2201,195,3267,26628,27.0,19423,45.0,59.0,107511,0.9345,0.93,True
719,INFY,Mar 2022,121641,90150,31491.0,26.0,2295,200,3476,30110,26.0,22146,53.0,59.0,116729,1.0421,1.04,True
720,INFY,Mar 2023,146767,111637,35130.0,24.0,2701,284,4225,33322,28.0,24108,58.0,73.0,124596,1.1779,1.18,True
721,INFY,Mar 2024,153670,117245,36425.0,24.0,4711,470,4678,35988,27.0,26248,63.0,,136020,1.1298,1.13,True
723,IOC,Mar 2013,461780,447919,13861.0,3.0,3499,7164,5692,4504,19.0,3627,3.0,36.0,241878,1.9091,1.91,True
724,IOC,Mar 2014,488345,471123,17222.0,4.0,5064,5948,6360,9978,30.0,6967,5.0,30.0,265953,1.8362,1.84,True
725,IOC,Mar 2015,449507,438932,10575.0,2.0,5860,4201,5219,7014,31.0,4872,3.0,33.0,233883,1.9219,1.92,True
726,IOC,Mar 2016,346045,324007,22038.0,6.0,5219,3487,5698,18072,31.0,12413,8.0,28.0,231715,1.4934,1.49,True
727,IOC,Mar 2017,355379,321230,34149.0,10.0,4356,3743,6806,27956,27.0,20385,14.0,45.0,273719,1.2983,1.3,True
728,IOC,Mar 2018,421492,379834,41658.0,10.0,4331,3875,7664,34450,34.0,22626,15.0,90.0,295860,1.4246,1.42,True
729,IOC,Mar 2019,528158,492896,35262.0,7.0,4097,4925,8506,25927,33.0,17274,12.0,49.0,335363,1.5749,1.57,True
730,IOC,Mar 2020,483763,467710,16053.0,3.0,-7165,5792,10273,-7177,-74.0,-1876,-1.0,-437.0,329962,1.4661,1.47,True
731,IOC,Mar 2021,363950,324021,39929.0,11.0,4696,2933,10941,30751,29.0,21762,15.0,51.0,355145,1.0248,1.02,True
732,IOC,Mar 2022,589321,541563,47758.0,8.0,4332,5454,12348,34289,25.0,25727,18.0,46.0,410882,1.4343,1.43,True
733,IOC,Mar 2023,841756,811073,30683.0,4.0,5124,7588,13181,15038,22.0,11704,7.0,42.0,441995,1.9044,1.9,True
734,IOC,Mar 2024,776352,700706,75646.0,10.0,5389,7881,15866,57288,25.0,43161,30.0,40.0,482683,1.6084,1.61,True
736,IRCTC,Mar 2015,1059,907,152.0,14.0,82,0,20,214,39.0,131,13.0,20.0,1162,0.9114,0.91,True
737,IRCTC,Mar 2016,1367,1176,190.0,14.0,139,0,21,309,39.0,189,19.0,40.0,1437,0.9513,0.95,True
738,IRCTC,Mar 2017,1520,1206,314.0,21.0,67,3,22,355,35.0,229,11.0,49.0,1826,0.8324,0.83,True
739,IRCTC,Mar 2018,1466,1192,274.0,19.0,99,3,24,346,36.0,221,11.0,21.0,2319,0.6322,0.63,True
740,IRCTC,Mar 2019,1870,1487,383.0,20.0,126,2,29,479,36.0,309,4.0,98.0,2594,0.7209,0.72,True
741,IRCTC,Mar 2020,2264,1562,703.0,31.0,77,10,40,730,30.0,513,6.0,39.0,3241,0.6985,0.7,True
742,IRCTC,Mar 2021,777,589,188.0,24.0,124,8,46,258,27.0,187,2.0,43.0,3153,0.2464,0.25,True
743,IRCTC,Mar 2022,1879,1005,874.0,47.0,72,11,49,885,26.0,660,8.0,42.0,3884,0.4838,0.48,True
744,IRCTC,Mar 2023,3541,2265,1276.0,36.0,148,16,54,1354,26.0,1006,13.0,44.0,5089,0.6958,0.7,True
745,IRCTC,Mar 2024,4270,2804,1466.0,34.0,106,19,57,1496,26.0,1111,14.0,47.0,6091,0.701,0.7,True
747,IRFC,Mar 2013,5550,22,5528.0,100.0,2,4075,0,1454,64.0,522,222.0,21.0,70755,,0.08,False
748,IRFC,Mar 2014,6197,19,6178.0,100.0,1,4607,0,1572,55.0,701,209.0,6.0,83930,,0.07,False
749,IRFC,Mar 2015,6939,34,6905.0,100.0,1,4992,0,1914,60.0,758,212.0,20.0,87647,,0.08,False
750,IRFC,Mar 2016,7507,38,7468.0,99.0,1,5519,0,1950,56.0,849,188.0,40.0,108400,0.0693,0.07,True
751,IRFC,Mar 2017,9047,26,9021.0,100.0,0,6888,0,2133,56.0,934,143.0,40.0,129650,0.0698,0.07,True
752,IRFC,Mar 2018,9267,38,9229.0,100.0,1,6638,0,2592,21.0,2055,3.0,18.0,161468,0.0574,0.06,True
753,IRFC,Mar 2019,11134,48,11085.0,100.0,0,8183,0,2902,22.0,2255,2.0,18.0,206604,0.0539,0.05,True
754,IRFC,Mar 2020,13421,66,13355.0,100.0,0,10163,0,3192,0.0,3192,3.0,0.0,275504,0.0487,0.05,True
755,IRFC,Mar 2021,15771,113,15657.0,99.0,0,11237,4,4416,0.0,4416,3.0,31.0,380482,0.0415,0.04,True
756,IRFC,Mar 2022,20299,123,20177.0,99.0,2,14075,14,6090,0.0,6090,5.0,30.0,449980,0.0451,0.05,True
757,IRFC,Mar 2023,23722,134,23588.0,99.0,41,17447,14,6167,0.0,6167,5.0,32.0,490359,0.0484,0.05,True
758,IRFC,Mar 2024,26645,133,26513.0,100.0,10,20101,9,6412,0.0,6412,5.0,31.0,485082,0.0549,0.05,True
760,ITC,Mar 2013,31618,20398,11221.0,35.0,852,108,859,11106,31.0,7704,6.0,55.0,35329,0.895,0.89,False
761,ITC,Mar 2014,35306,22227,13080.0,37.0,966,29,965,13052,31.0,9001,7.0,54.0,40848,0.8643,0.86,True
762,ITC,Mar 2015,38817,24566,14252.0,37.0,1229,91,1028,14362,32.0,9779,8.0,52.0,45952,0.8447,0.84,True
763,ITC,Mar 2016,39192,24661,14531.0,37.0,1483,78,1077,14859,36.0,9501,8.0,73.0,51651,0.7588,0.76,True
764,ITC,Mar 2017,42768,27298,15470.0,36.0,1759,49,1153,16026,35.0,10477,8.0,56.0,55898,0.7651,0.77,True
765,ITC,Mar 2018,43449,26928,16521.0,38.0,2240,115,1236,17409,34.0,11493,9.0,56.0,64241,0.6763,0.68,True
766,ITC,Mar 2019,48340,29802,18537.0,38.0,2080,71,1397,19150,33.0,12836,10.0,56.0,71739,0.6738,0.67,True
767,ITC,Mar 2020,49388,30044,19344.0,39.0,2417,81,1645,20035,22.0,15593,12.0,82.0,77311,0.6388,0.64,True
768,ITC,Mar 2021,49257,32193,17065.0,35.0,2577,58,1646,17938,25.0,13383,11.0,101.0,73761,0.6678,0.67,True
769,ITC,Mar 2022,60645,40021,20623.0,34.0,1910,60,1732,20740,25.0,15503,12.0,93.0,77196,0.7856,0.79,True
770,ITC,Mar 2023,70919,45215,25704.0,36.0,2098,78,1809,25915,25.0,19477,15.0,100.0,85831,0.8263,0.83,True
771,ITC,Mar 2024,70866,44634,26233.0,37.0,2804,80,1816,27140,24.0,20751,16.0,84.0,91754,0.7723,0.77,True
773,JINDALSTEL,Mar 2013,19807,13701,6106.0,31.0,333,1067,1539,3833,24.0,2952,31.0,5.0,57073,0.347,0.35,True
774,JINDALSTEL,Mar 2014,19286,13487,5799.0,30.0,349,1807,1829,2512,25.0,1896,21.0,7.0,68913,0.2799,0.28,True
775,JINDALSTEL,Mar 2015,19401,13937,5464.0,28.0,-1399,2875,2733,-1543,-6.0,-1452,-14.0,0.0,75537,0.2568,0.26,True
776,JINDALSTEL,Mar 2016,19469,16032,3437.0,18.0,-79,3254,4068,-3964,-22.0,-3087,-32.0,0.0,92398,0.2107,0.21,True
777,JINDALSTEL,Mar 2017,21603,16894,4709.0,22.0,-362,3441,3949,-3043,-17.0,-2538,-25.0,0.0,90575,0.2385,0.24,True
778,JINDALSTEL,Mar 2018,33286,26817,6469.0,19.0,-584,3866,3883,-1864,-13.0,-1616,-15.0,0.0,89230,0.373,0.37,True
779,JINDALSTEL,Mar 2019,46966,38553,8412.0,18.0,-1470,4264,5480,-2802,-14.0,-2412,-17.0,0.0,89001,0.5277,0.53,True
780,JINDALSTEL,Mar 2020,37923,31092,6831.0,18.0,74,3768,3429,-291,37.0,-400,-1.0,0.0,89742,0.4226,0.42,True
781,JINDALSTEL,Mar 2021,34579,23646,10933.0,32.0,313,2753,2414,6078,30.0,4267,36.0,0.0,77840,0.4442,0.44,True
782,JINDALSTEL,Mar 2022,51166,35650,15515.0,30.0,-1840,1888,2097,9690,30.0,6766,56.0,5.0,76644,0.6676,0.67,True
783,JINDALSTEL,Mar 2023,53212,43270,9942.0,19.0,-539,1446,2691,5266,25.0,3974,31.0,6.0,69427,0.7664,0.77,True
784,JINDALSTEL,Mar 2024,50354,40153,10202.0,20.0,156,1294,2822,6241,5.0,5943,58.0,3.0,78676,0.64,0.64,True
786,JIOFIN,Mar 2023,45,6,39.0,88.0,10,0,0,49,37.0,31,,0.0,114930,0.0004,0.0,True
787,JIOFIN,Mar 2024,1855,296,1559.0,84.0,429,10,22,1956,18.0,1605,3.0,0.0,144863,0.0128,0.01,True
789,JSWENERGY,Mar 2013,8870,6069,2801.0,32.0,9,963,662,1186,23.0,901,6.0,36.0,20378,0.4353,0.44,True
790,JSWENERGY,Mar 2014,8648,5394,3255.0,38.0,-179,1206,810,1060,27.0,760,5.0,43.0,19244,0.4494,0.45,True
791,JSWENERGY,Mar 2015,9347,5723,3624.0,39.0,196,1137,790,1892,27.0,1358,8.0,24.0,19420,0.4813,0.48,True
792,JSWENERGY,Mar 2016,9824,5796,4029.0,41.0,340,1498,854,2017,28.0,1460,9.0,22.0,28539,0.3442,0.34,True
793,JSWENERGY,Mar 2017,8263,4939,3324.0,40.0,221,1685,969,892,30.0,623,4.0,13.0,28389,0.2911,0.29,True
794,JSWENERGY,Mar 2018,8049,5336,2713.0,34.0,47,1456,966,338,75.0,85,0.0,0.0,26721,0.3012,0.3,True
795,JSWENERGY,Mar 2019,9138,6283,2855.0,31.0,398,1192,1164,897,24.0,684,4.0,24.0,25926,0.3525,0.35,True
796,JSWENERGY,Mar 2020,8273,5316,2957.0,36.0,376,1051,1738,544,6.0,1081,7.0,15.0,24931,0.3318,0.33,True
797,JSWENERGY,Mar 2021,6922,4009,2913.0,42.0,248,896,1167,1099,25.0,823,5.0,41.0,26207,0.2641,0.26,True
798,JSWENERGY,Mar 2022,8167,4596,3572.0,44.0,575,777,1131,2238,22.0,1743,11.0,19.0,30514,0.2676,0.27,True
799,JSWENERGY,Mar 2023,10332,7050,3282.0,32.0,674,844,1169,1943,24.0,1480,9.0,22.0,48417,0.2134,0.21,True
800,JSWENERGY,Mar 2024,11486,6104,5382.0,47.0,472,2053,1633,2167,20.0,1725,10.0,19.0,57767,0.1988,0.2,True
802,JSWSTEEL,Mar 2013,38210,31698,6512.0,17.0,-307,1967,2237,1999,42.0,929,4.0,30.0,57513,0.6644,0.66,True
803,JSWSTEEL,Mar 2014,51220,42051,9169.0,18.0,-1630,3048,3183,1308,70.0,402,2.0,74.0,77640,0.6597,0.66,True
804,JSWSTEEL,Mar 2015,52972,43608,9364.0,18.0,103,3493,3434,2539,32.0,1722,7.0,19.0,85654,0.6184,0.62,True
805,JSWSTEEL,Mar 2016,41546,35124,6422.0,15.0,-1966,3601,3323,-2468,-80.0,-481,-1.0,-67.0,81907,0.5072,0.51,True
806,JSWSTEEL,Mar 2017,55604,43296,12308.0,22.0,18,3768,3430,5128,33.0,3467,15.0,19.0,88005,0.6318,0.63,True
807,JSWSTEEL,Mar 2018,71933,57017,14916.0,21.0,-177,3701,3387,7651,20.0,6113,26.0,16.0,91970,0.7821,0.78,True
808,JSWSTEEL,Mar 2019,84757,65827,18930.0,22.0,196,3917,4041,11168,33.0,7524,32.0,16.0,114797,0.7383,0.74,True
809,JSWSTEEL,Mar 2020,73326,61513,11813.0,16.0,-289,4265,4246,3013,-30.0,3919,17.0,15.0,131820,0.5563,0.56,True
810,JSWSTEEL,Mar 2021,79839,59661,20178.0,25.0,473,3957,4679,12015,34.0,7873,33.0,25.0,148317,0.5383,0.54,True
811,JSWSTEEL,Mar 2022,146371,107257,39114.0,27.0,1600,4968,6001,29745,30.0,20938,85.0,25.0,196485,0.7449,0.74,True
812,JSWSTEEL,Mar 2023,165960,147490,18470.0,11.0,1561,6902,7474,5655,27.0,4139,17.0,25.0,210539,0.7883,0.79,True
813,JSWSTEEL,Mar 2024,175006,146849,28157.0,16.0,1500,8105,8172,13380,33.0,8973,36.0,25.0,227898,0.7679,0.77,True
815,KOTAKBANK,Mar 2013,10838,6024,6603.0,-1789.0,-17,5112,179,3144,30.0,2238,15.0,2.0,115835,0.0936,0.09,True
816,KOTAKBANK,Mar 2014,11986,6312,7053.0,-1379.0,-12,5282,208,3695,32.0,2527,16.0,2.0,122197,0.0981,0.1,True
817,KOTAKBANK,Mar 2015,13319,6966,9718.0,-3366.0,-25,8152,237,4550,33.0,3105,20.0,2.0,148464,0.0897,0.09,True
818,KOTAKBANK,Mar 2016,20402,11123,11541.0,-2263.0,-11,7631,345,5024,32.0,3524,19.0,3.0,240804,0.0847,0.08,True
819,KOTAKBANK,Mar 2017,22324,11458,14832.0,-3965.0,-18,11660,362,7332,32.0,5019,27.0,2.0,276188,0.0808,0.08,True
820,KOTAKBANK,Mar 2018,25131,12467,16805.0,-4141.0,-16,13682,383,9158,33.0,6258,33.0,2.0,337720,0.0744,0.07,True
821,KOTAKBANK,Mar 2019,29831,15187,19758.0,-5114.0,-17,16148,458,10576,33.0,7204,38.0,2.0,395171,0.0755,0.08,True
822,KOTAKBANK,Mar 2020,33474,15901,22578.0,-5005.0,-15,16892,465,11422,25.0,8593,45.0,0.0,443173,0.0755,0.08,True
823,KOTAKBANK,Mar 2021,32820,12967,29812.0,-9958.0,-30,23588,461,13168,25.0,9990,50.0,2.0,478854,0.0685,0.07,True
824,KOTAKBANK,Mar 2022,33741,11554,30699.0,-8512.0,-25,24941,480,15948,25.0,12089,61.0,2.0,546498,0.0617,0.06,True
825,KOTAKBANK,Mar 2023,42151,14411,33485.0,-5746.0,-14,25991,599,19646,25.0,14925,75.0,2.0,620430,0.0679,0.07,True
826,KOTAKBANK,Mar 2024,56237,22567,47052.0,-13382.0,-24,38037,792,23863,25.0,18213,92.0,2.0,767667,0.0733,0.07,True
828,LICI,Mar 2019,571508,565587,5920.0,1.0,2615,0,336,8199,68.0,2627,,2.0,3427249,0.1668,0.17,True
829,LICI,Mar 2020,628043,634989,-6947.0,-1.0,20870,0,379,13544,80.0,2710,,2.0,3499834,0.1794,0.18,True
830,LICI,Mar 2021,690914,691166,-252.0,0.0,12820,0,417,12151,76.0,2974,7.0,0.0,3829524,0.1804,0.18,True
831,LICI,Mar 2022,723606,720280,3326.0,0.0,9248,0,436,12138,66.0,4125,57.0,23.0,4254059,0.1701,0.17,True
832,LICI,Mar 2023,784628,750420,34207.0,4.0,7800,77,466,41463,13.0,35997,65.0,5.0,4578491,0.1714,0.17,True
833,LICI,Mar 2024,845966,813188,32779.0,4.0,14829,128,466,47014,13.0,40916,66.0,15.0,5316047,0.1591,0.16,True
835,LODHA,Mar 2011,2173,1663,510.0,23.0,145,283,17,355,26.0,264,6.0,0.0,9478,,0.23,False
836,LODHA,Mar 2012,2954,2229,724.0,25.0,124,254,37,556,32.0,381,9.0,0.0,9268,,0.32,False
837,LODHA,Mar 2015,6236,4769,1467.0,24.0,423,492,128,1269,37.0,798,18.0,0.0,27998,,0.22,False
838,LODHA,Mar 2016,8249,6123,2126.0,26.0,510,988,450,1198,41.0,703,16.0,0.0,30981,0.2663,0.27,True
839,LODHA,Mar 2017,7926,6313,1614.0,20.0,584,736,460,1001,42.0,584,13.0,0.0,33931,0.2336,0.23,True
840,LODHA,Mar 2018,9677,7995,1682.0,17.0,285,390,395,1182,33.0,794,10.0,0.0,40251,0.2404,0.24,True
841,LODHA,Mar 2019,11907,8728,3179.0,27.0,72,568,194,2489,34.0,1644,21.0,0.0,49864,0.2388,0.24,True
842,LODHA,Mar 2020,12443,10526,1917.0,15.0,119,740,292,1003,26.0,742,9.0,0.0,40693,0.3058,0.31,True
843,LODHA,Mar 2021,5449,4066,1383.0,25.0,-140,1136,73,33,-44.0,48,1.0,0.0,39308,0.1386,0.14,True
844,LODHA,Mar 2022,9233,7047,2186.0,24.0,293,688,75,1716,30.0,1208,12.0,20.0,38404,0.2404,0.24,True
845,LODHA,Mar 2023,9470,7406,2064.0,22.0,-1037,482,93,452,-8.0,490,5.0,14.0,39122,0.2421,0.24,True
846,LODHA,Mar 2024,10316,7651,2665.0,26.0,48,482,204,2028,23.0,1554,16.0,,47198,0.2186,0.22,True
848,LT,Mar 2013,74426,63032,11394.0,15.0,2523,4642,1637,7638,31.0,5291,38.0,22.0,2328,31.9699,31.97,True
849,LT,Mar 2014,85054,70968,14086.0,17.0,1337,6494,1446,7483,35.0,4885,35.0,27.0,2666,31.9032,31.9,True
850,LT,Mar 2015,91929,76245,15684.0,17.0,1422,7266,2623,7217,31.0,4966,34.0,32.0,2978,30.8694,30.87,True
851,LT,Mar 2016,101122,85637,15486.0,15.0,1219,6899,1787,8020,30.0,4592,31.0,40.0,3137,32.2353,32.24,True
852,LT,Mar 2017,109312,92691,16620.0,15.0,1466,6829,2370,8887,23.0,6486,43.0,22.0,4417,24.748,24.75,True
853,LT,Mar 2018,119683,99572,20111.0,17.0,1465,7714,2223,11639,27.0,8004,53.0,30.0,5337,22.4251,22.43,True
854,LT,Mar 2019,135220,112354,22866.0,17.0,2701,9339,1923,14305,28.0,10217,63.0,28.0,6664,20.2911,20.29,True
855,LT,Mar 2020,145452,120899,24553.0,17.0,3015,11021,2462,14086,23.0,10894,68.0,26.0,8815,16.5005,16.5,True
856,LT,Mar 2021,135979,112519,23460.0,17.0,8111,11750,2904,16918,24.0,12921,82.0,44.0,10706,12.7012,12.7,True
857,LT,Mar 2022,156521,132207,24314.0,16.0,2364,9235,2948,14495,29.0,10419,62.0,36.0,20572,7.6084,7.61,True
858,LT,Mar 2023,183341,156175,27166.0,15.0,2891,9445,3502,17109,26.0,12531,75.0,32.0,23481,7.8081,7.81,True
859,LT,Mar 2024,221113,191248,29865.0,14.0,3847,9512,3682,20517,24.0,15547,95.0,36.0,27544,8.0276,8.03,True
861,LTIM,Mar 2013,3851,2981,870.0,23.0,22,21,123,749,25.0,562,174.0,54.0,2328,1.6542,1.65,True
862,LTIM,Mar 2014,4920,3773,1147.0,23.0,217,31,130,1204,17.0,996,309.0,55.0,2666,1.8455,1.85,True
863,LTIM,Mar 2015,4978,3973,1005.0,20.0,99,10,158,936,18.0,769,238.0,63.0,2978,1.6716,1.67,True
864,LTIM,Mar 2016,5846,4819,1028.0,18.0,187,6,174,1035,19.0,836,49.0,72.0,3137,1.8636,1.86,True
865,LTIM,Mar 2017,6501,5271,1230.0,19.0,187,3,178,1236,21.0,971,57.0,29.0,4417,1.4718,1.47,True
866,LTIM,Mar 2018,7306,6119,1187.0,16.0,426,16,156,1442,23.0,1112,65.0,33.0,5337,1.3689,1.37,True
867,LTIM,Mar 2019,9446,7562,1883.0,20.0,302,11,147,2028,25.0,1516,87.0,32.0,6664,1.4175,1.42,True
868,LTIM,Mar 2020,10879,8849,2029.0,19.0,329,83,273,2003,24.0,1520,87.0,32.0,8815,1.2341,1.23,True
869,LTIM,Mar 2021,12370,9645,2725.0,22.0,274,79,332,2588,25.0,1938,111.0,36.0,10706,1.1554,1.16,True
870,LTIM,Mar 2022,26109,20860,5249.0,20.0,766,123,597,5294,25.0,3950,225.0,41.0,20572,1.2692,1.27,True
871,LTIM,Mar 2023,33183,27075,6108.0,18.0,557,150,723,5792,24.0,4410,149.0,40.0,23481,1.4132,1.41,True
872,LTIM,Mar 2024,35517,29130,6387.0,18.0,702,222,819,6049,24.0,4585,155.0,42.0,27544,1.2895,1.29,True
874,M&M,Mar 2013,68693,59578,9116.0,13.0,841,2297,2080,5580,35.0,4129,33.0,19.0,76131,0.9023,0.9,True
875,M&M,Mar 2014,74001,63830,10170.0,14.0,773,2954,2170,5820,26.0,5154,38.0,18.0,87889,0.842,0.84,True
876,M&M,Mar 2015,71448,62655,8793.0,12.0,800,3157,2124,4313,40.0,3381,25.0,23.0,94376,0.7571,0.76,True
877,M&M,Mar 2016,75841,65759,10082.0,13.0,1399,3368,2442,5672,37.0,3554,25.0,21.0,99852,0.7595,0.76,True
878,M&M,Mar 2017,83773,73038,10735.0,13.0,2077,3647,2813,6350,36.0,4051,30.0,22.0,113835,0.7359,0.74,True
879,M&M,Mar 2018,92094,78868,13226.0,14.0,4366,3987,3280,10326,23.0,7958,60.0,11.0,136369,0.6753,0.68,True
880,M&M,Mar 2019,104721,89514,15207.0,15.0,2676,5021,3991,8871,32.0,6017,43.0,17.0,161889,0.6469,0.65,True
881,M&M,Mar 2020,75382,65224,10158.0,13.0,885,6021,3367,1655,99.0,-321,1.0,205.0,165716,0.4549,0.45,True
882,M&M,Mar 2021,74278,62791,11487.0,15.0,1152,6102,3378,3158,52.0,1512,15.0,54.0,164968,0.4503,0.45,True
883,M&M,Mar 2022,90171,75488,14683.0,16.0,3204,5018,3508,9362,23.0,7253,53.0,20.0,172388,0.5231,0.52,True
884,M&M,Mar 2023,121269,100983,20285.0,17.0,3961,5830,4357,14060,19.0,11374,83.0,18.0,204283,0.5936,0.59,True
885,M&M,Mar 2024,139078,114186,24892.0,18.0,3298,7488,4724,15978,23.0,12270,91.0,21.0,234722,0.5925,0.59,True
887,MARUTI,Mar 2013,44304,39944,4361.0,10.0,797,198,1890,3070,20.0,2470,82.0,10.0,27517,1.6101,1.61,True
888,MARUTI,Mar 2014,44542,39232,5310.0,12.0,724,184,2116,3734,24.0,2854,94.0,13.0,31476,1.4151,1.42,True
889,MARUTI,Mar 2015,50801,43909,6892.0,14.0,817,218,2515,4976,24.0,3809,126.0,20.0,34477,1.4735,1.47,True
890,MARUTI,Mar 2016,57589,48565,9024.0,16.0,1464,82,2822,7585,28.0,5497,182.0,19.0,42726,1.3479,1.35,True
891,MARUTI,Mar 2017,68085,57664,10421.0,15.0,2399,89,2604,10127,26.0,7511,249.0,30.0,51960,1.3103,1.31,True
892,MARUTI,Mar 2018,79809,67692,12118.0,15.0,2155,346,2760,11167,29.0,7881,261.0,31.0,60248,1.3247,1.32,True
893,MARUTI,Mar 2019,86068,75012,11056.0,13.0,2664,76,3021,10624,28.0,7651,253.0,32.0,63969,1.3455,1.35,True
894,MARUTI,Mar 2020,75660,68305,7355.0,10.0,3410,134,3528,7103,20.0,5678,188.0,32.0,63628,1.1891,1.19,True
895,MARUTI,Mar 2021,70372,64961,5411.0,8.0,3046,102,3034,5321,18.0,4389,145.0,31.0,71376,0.9859,0.99,True
896,MARUTI,Mar 2022,88330,82578,5752.0,7.0,1861,127,2789,4697,17.0,3880,128.0,47.0,74656,1.1832,1.18,True
897,MARUTI,Mar 2023,118410,105288,13122.0,11.0,2415,252,4846,10438,21.0,8264,274.0,34.0,100106,1.1828,1.18,True
898,MARUTI,Mar 2024,141858,123232,18626.0,13.0,4248,194,5256,17424,23.0,13488,429.0,29.0,115304,1.2303,1.23,True
900,MOTHERSON,Mar 2013,25298,23819,1480.0,6.0,318,250,714,834,46.0,452,1.0,26.0,12739,1.9859,1.99,True
901,MOTHERSON,Mar 2014,30414,28017,2397.0,8.0,311,294,817,1596,31.0,1097,2.0,29.0,15244,1.9951,2.0,True
902,MOTHERSON,Mar 2015,34661,31817,2844.0,8.0,212,318,921,1817,29.0,1292,2.0,31.0,17425,1.9892,1.99,True
903,MOTHERSON,Mar 2016,37216,33668,3548.0,10.0,177,345,1087,2293,23.0,1774,3.0,26.0,19665,1.8925,1.89,True
904,MOTHERSON,Mar 2017,42376,38204,4171.0,10.0,346,375,1059,3083,30.0,2172,3.0,18.0,31944,1.3266,1.33,True
905,MOTHERSON,Mar 2018,56303,51174,5128.0,9.0,125,411,1575,3267,31.0,2260,3.0,30.0,36974,1.5228,1.52,True
906,MOTHERSON,Mar 2019,63523,58174,5348.0,8.0,333,423,2058,3200,34.0,2098,3.0,29.0,42754,1.4858,1.49,True
907,MOTHERSON,Mar 2020,60729,56075,4654.0,8.0,642,593,2721,1983,-5.0,1294,2.0,40.0,45033,1.3485,1.35,True
908,MOTHERSON,Mar 2021,57370,53000,4370.0,8.0,568,512,2926,1500,34.0,1569,2.0,46.0,47749,1.2015,1.2,True
909,MOTHERSON,Mar 2022,63774,59060,4714.0,7.0,575,543,2958,1788,31.0,1182,1.0,34.0,55726,1.1444,1.14,True
910,MOTHERSON,Mar 2023,78788,72537,6251.0,8.0,70,781,3136,2405,31.0,1670,2.0,29.0,61330,1.2847,1.28,True
911,MOTHERSON,Mar 2024,98692,89370,9322.0,9.0,140,1811,3810,3840,21.0,3020,4.0,20.0,84178,1.1724,1.17,True
913,NAUKRI,Mar 2013,472,351,121.0,26.0,24,3,12,130,41.0,76,8.0,12.0,825,0.5721,0.57,True
914,NAUKRI,Mar 2014,567,471,97.0,17.0,48,3,21,120,49.0,60,8.0,30.0,1060,0.5349,0.53,True
915,NAUKRI,Mar 2015,732,711,21.0,3.0,89,4,47,60,99.0,-14,2.0,150.0,2217,0.3302,0.33,True
916,NAUKRI,Mar 2016,748,656,91.0,12.0,111,3,24,175,33.0,118,11.0,27.0,1925,0.3886,0.39,True
917,NAUKRI,Mar 2017,888,896,-9.0,-1.0,50,4,33,5,99.0,-43,-2.0,-230.0,2053,0.4325,0.43,True
918,NAUKRI,Mar 2018,988,769,219.0,22.0,401,5,30,585,14.0,501,42.0,13.0,2596,0.3806,0.38,True
919,NAUKRI,Mar 2019,1151,1142,9.0,1.0,737,7,22,716,17.0,592,49.0,12.0,3189,0.3609,0.36,True
920,NAUKRI,Mar 2020,1312,1662,-350.0,-27.0,286,14,48,-126,95.0,-246,-19.0,-31.0,2893,0.4535,0.45,True
921,NAUKRI,Mar 2021,1128,1054,74.0,7.0,1584,11,45,1602,12.0,1418,110.0,7.0,6292,0.1793,0.18,True
922,NAUKRI,Mar 2022,1589,1143,446.0,28.0,13810,11,73,14200,9.0,12882,991.0,1.0,20483,0.0776,0.08,True
923,NAUKRI,Mar 2023,2346,1997,348.0,15.0,-116,18,73,141,99.0,-70,-8.0,-228.0,16658,0.1408,0.14,True
924,NAUKRI,Mar 2024,2536,1825,711.0,28.0,303,35,101,878,32.0,595,44.0,49.0,36089,0.0703,0.07,True
926,NESTLEIND,Dec 2013,9101,7153,1948.0,21.0,97,37,330,1678,33.0,1117,12.0,42.0,6314,1.4414,1.44,True
927,NESTLEIND,Dec 2014,9855,7816,2039.0,21.0,87,14,338,1774,33.0,1185,12.0,51.0,5820,1.6933,1.69,True
928,NESTLEIND,Dec 2015,8175,6620,1555.0,19.0,-391,3,347,814,31.0,563,6.0,83.0,6086,1.3432,1.34,True
929,NESTLEIND,Dec 2016,9141,7292,1850.0,20.0,140,91,354,1545,35.0,1001,10.0,61.0,6810,1.3423,1.34,True
930,NESTLEIND,Dec 2017,10010,7913,2097.0,21.0,177,92,342,1839,33.0,1225,13.0,68.0,7363,1.3595,1.36,True
931,NESTLEIND,Dec 2018,11292,8675,2618.0,23.0,259,112,336,2429,34.0,1607,17.0,69.0,8088,1.3961,1.4,True
932,NESTLEIND,Dec 2019,12369,9443,2926.0,24.0,247,129,370,2673,26.0,1968,20.0,168.0,7173,1.7244,1.72,True
933,NESTLEIND,Dec 2020,13350,10149,3202.0,24.0,146,164,370,2813,26.0,2082,22.0,93.0,7900,1.6899,1.69,True
934,NESTLEIND,Dec 2021,14741,11178,3562.0,24.0,-112,202,391,2857,26.0,2118,22.0,91.0,8234,1.7903,1.79,True
935,NESTLEIND,Dec 2022,16897,13191,3706.0,22.0,107,155,403,3256,27.0,2391,25.0,89.0,8979,1.8818,1.88,True
936,NESTLEIND,Dec 2023,19126,14655,4471.0,23.0,116,119,429,4038,26.0,2999,31.0,56.0,8979,2.1301,2.13,True
937,NESTLEIND,Mar 2024,24394,18581,5813.0,24.0,159,145,538,5289,26.0,3933,41.0,79.0,10523,2.3182,2.32,True
939,NHPC,Mar 2013,6381,2229,4152.0,65.0,1595,611,1241,3895,26.0,2873,2.0,28.0,62361,0.1023,0.1,True
940,NHPC,Mar 2014,7389,3047,4342.0,59.0,889,1203,1499,2529,35.0,1633,1.0,27.0,61427,0.1203,0.12,True
941,NHPC,Mar 2015,8221,3087,5134.0,62.0,1597,1296,1715,3718,25.0,2798,2.0,27.0,61436,0.1338,0.13,True
942,NHPC,Mar 2016,8354,3571,4783.0,57.0,1174,1160,1432,3365,30.0,2365,2.0,81.0,62823,0.133,0.13,True
943,NHPC,Mar 2017,8623,3739,4884.0,57.0,2245,1133,1462,4535,23.0,3480,3.0,61.0,60187,0.1433,0.14,True
944,NHPC,Mar 2018,7755,3508,4248.0,55.0,1185,924,1469,3040,8.0,2785,2.0,57.0,62933,0.1232,0.12,True
945,NHPC,Mar 2019,8983,4002,4981.0,55.0,1733,896,1658,4159,32.0,2836,3.0,56.0,66734,0.1346,0.13,True
946,NHPC,Mar 2020,10008,4562,5446.0,54.0,311,877,1614,3266,-2.0,3345,3.0,52.0,71277,0.1404,0.14,True
947,NHPC,Mar 2021,9648,4371,5277.0,55.0,1087,577,1292,4495,20.0,3600,3.0,49.0,73136,0.1319,0.13,True
948,NHPC,Mar 2022,9144,5131,4013.0,44.0,981,586,1190,3217,-17.0,3774,4.0,52.0,77288,0.1183,0.12,True
949,NHPC,Mar 2023,10607,4423,6184.0,58.0,743,475,1215,5237,19.0,4261,4.0,48.0,86211,0.123,0.12,True
950,NHPC,Mar 2024,9632,4825,4807.0,50.0,2029,608,1184,5043,20.0,4028,4.0,53.0,93297,0.1032,0.1,True
952,NTPC,Mar 2013,71518,53370,18149.0,25.0,4777,2491,3823,16611,24.0,12586,13.0,38.0,178776,0.4,0.4,True
953,NTPC,Mar 2014,78330,58603,19727.0,25.0,2792,3263,4770,14486,21.0,11403,12.0,42.0,200118,0.3914,0.39,True
954,NTPC,Mar 2015,79957,62605,17352.0,22.0,2338,3669,5565,10456,4.0,9992,10.0,21.0,219712,0.3639,0.36,True
955,NTPC,Mar 2016,73396,54829,18568.0,25.0,1188,3366,5771,10618,-2.0,10781,11.0,26.0,224665,0.3267,0.33,True
956,NTPC,Mar 2017,82042,60445,21598.0,26.0,1592,3753,6010,13426,20.0,10714,11.0,37.0,248601,0.33,0.33,True
957,NTPC,Mar 2018,88083,65598,22485.0,26.0,5576,4447,7460,16154,35.0,10502,11.0,40.0,282492,0.3118,0.31,True
958,NTPC,Mar 2019,100287,77576,22710.0,23.0,2818,5605,8669,11255,-25.0,14034,14.0,44.0,346923,0.2891,0.29,True
959,NTPC,Mar 2020,109464,77878,31586.0,29.0,8209,8189,10356,21250,44.0,11902,12.0,27.0,377569,0.2899,0.29,True
960,NTPC,Mar 2021,111531,77487,34044.0,31.0,5021,9224,12450,17390,14.0,14969,15.0,41.0,398022,0.2802,0.28,True
961,NTPC,Mar 2022,132669,92307,40362.0,30.0,4809,9376,13788,22007,23.0,16960,17.0,41.0,415831,0.319,0.32,True
962,NTPC,Mar 2023,176207,128611,47596.0,27.0,2561,11447,14792,23917,28.0,17121,17.0,42.0,447189,0.394,0.39,True
963,NTPC,Mar 2024,178501,127045,51456.0,29.0,5190,12301,16204,28142,24.0,21332,21.0,36.0,479278,0.3724,0.37,True
965,ONGC,Mar 2013,161984,118482,43501.0,27.0,5488,484,11763,36742,35.0,23994,19.0,34.0,253424,0.6392,0.64,True
966,ONGC,Mar 2014,174121,124991,49130.0,28.0,7170,624,16262,39413,32.0,26665,21.0,31.0,324976,0.5358,0.54,True
967,ONGC,Mar 2015,160923,118610,42312.0,26.0,5955,2864,18033,27370,35.0,17703,14.0,44.0,337847,0.4763,0.48,True
968,ONGC,Mar 2016,124036,84901,39135.0,32.0,1067,3766,16384,20052,35.0,13102,10.0,56.0,341772,0.3629,0.36,True
969,ONGC,Mar 2017,282506,229702,52804.0,19.0,12724,3591,20119,41718,30.0,29169,19.0,40.0,444525,0.6355,0.64,True
970,ONGC,Mar 2018,322706,265817,56889.0,18.0,10429,4999,23112,39208,34.0,26068,17.0,38.0,459232,0.7027,0.7,True
971,ONGC,Mar 2019,421624,346805,74819.0,18.0,9567,5837,23704,54846,38.0,33938,24.0,29.0,492343,0.8564,0.86,True
972,ONGC,Mar 2020,396728,344623,52105.0,13.0,982,7489,26635,18962,40.0,11456,9.0,58.0,508364,0.7804,0.78,True
973,ONGC,Mar 2021,303849,254375,49473.0,16.0,11271,5079,25538,30126,29.0,21360,13.0,28.0,541748,0.5609,0.56,True
974,ONGC,Mar 2022,491246,411373,79874.0,16.0,6797,5696,26883,54091,9.0,49294,36.0,29.0,583260,0.8422,0.84,True
975,ONGC,Mar 2023,632291,556764,75527.0,12.0,-30,7889,24557,43051,24.0,32778,28.0,40.0,613115,1.0313,1.03,True
976,ONGC,Mar 2024,591396,488561,102835.0,17.0,12982,10194,28763,76860,26.0,57101,39.0,31.0,709774,0.8332,0.83,True
978,PFC,Mar 2013,17314,331,5987.0,35.0,12,10995,6,5994,26.0,4438,13.0,21.0,169330,0.1023,0.1,True
979,PFC,Mar 2014,21407,748,7607.0,36.0,23,13053,5,7624,28.0,5462,17.0,22.0,194320,0.1102,0.11,True
980,PFC,Mar 2015,24988,1103,8429.0,34.0,25,15456,8,8446,29.0,6004,18.0,20.0,228912,0.1092,0.11,True
981,PFC,Mar 2016,27861,2042,9162.0,33.0,25,16657,20,9167,33.0,6184,19.0,30.0,247220,0.1127,0.11,True
982,PFC,Mar 2017,27581,5538,5275.0,19.0,30,16768,41,5264,58.0,2236,7.0,59.0,259537,0.1063,0.11,True
983,PFC,Mar 2018,48624,6583,11752.0,24.0,42,30289,15,11779,25.0,8797,20.0,31.0,522531,0.0931,0.09,True
984,PFC,Mar 2019,54106,1696,17783.0,33.0,94,34627,15,17862,29.0,12640,30.0,0.0,628869,0.086,0.09,True
985,PFC,Mar 2020,62189,7332,14012.0,23.0,105,40845,24,14093,33.0,9477,22.0,35.0,694521,0.0895,0.09,True
986,PFC,Mar 2021,71656,7102,19871.0,28.0,46,44684,25,19891,21.0,15716,36.0,22.0,775707,0.0924,0.09,True
987,PFC,Mar 2022,76262,8215,23338.0,31.0,79,44709,35,23382,20.0,18768,42.0,23.0,791000,0.0964,0.1,True
988,PFC,Mar 2023,77684,4167,26501.0,34.0,47,47017,52,26496,20.0,21179,48.0,22.0,896112,0.0867,0.09,True
989,PFC,Mar 2024,91508,-27,33573.0,37.0,69,57962,53,33588,21.0,26461,60.0,23.0,1038877,0.0881,0.09,True
991,PIDILITIND,Mar 2013,3678,3120,558.0,15.0,107,16,69,581,27.0,424,8.0,31.0,2616,1.406,1.41,True
992,PIDILITIND,Mar 2014,4283,3611,672.0,16.0,38,16,81,612,27.0,450,9.0,31.0,2928,1.4628,1.46,True
993,PIDILITIND,Mar 2015,4844,4073,771.0,16.0,40,16,118,678,25.0,514,10.0,29.0,3315,1.4612,1.46,True
994,PIDILITIND,Mar 2016,5361,4188,1173.0,22.0,81,13,100,1141,29.0,807,16.0,26.0,3714,1.4435,1.44,True
995,PIDILITIND,Mar 2017,5617,4355,1262.0,22.0,115,14,115,1248,31.0,863,17.0,28.0,4770,1.1776,1.18,True
996,PIDILITIND,Mar 2018,6078,4737,1341.0,22.0,153,16,120,1359,29.0,966,19.0,32.0,5199,1.1691,1.17,True
997,PIDILITIND,Mar 2019,7078,5707,1371.0,19.0,130,26,133,1342,31.0,928,18.0,36.0,5904,1.1988,1.2,True
998,PIDILITIND,Mar 2020,7294,5718,1576.0,22.0,97,34,170,1470,24.0,1122,22.0,32.0,6523,1.1182,1.12,True
999,PIDILITIND,Mar 2021,7293,5606,1686.0,23.0,74,37,201,1522,26.0,1126,22.0,38.0,8814,0.8274,0.83,True
1000,PIDILITIND,Mar 2022,9921,8065,1856.0,19.0,39,42,240,1614,25.0,1207,24.0,42.0,9494,1.045,1.04,True
1001,PIDILITIND,Mar 2023,11799,9813,1986.0,17.0,55,48,270,1723,25.0,1289,25.0,44.0,10505,1.1232,1.12,True
1002,PIDILITIND,Mar 2024,12383,9675,2708.0,22.0,63,51,341,2379,27.0,1747,34.0,47.0,12076,1.0254,1.03,True
1004,PNB,Mar 2013,43071,12456,,,4310,27802,336,6786,27.0,5020,28.0,19.0,7655,5.6265,5.63,True
1004,PNB,Mar 2013,43071,12456,,,4310,27802,336,6786,27.0,5020,28.0,19.0,7655,5.6265,5.63,True
1004,PNB,Mar 2013,43071,12456,,,4310,27802,336,6786,27.0,5020,28.0,19.0,7655,5.6265,5.63,True
1004,PNB,Mar 2013,43071,12456,,,4310,27802,336,6786,27.0,5020,28.0,19.0,7655,5.6265,5.63,True
1004,PNB,Mar 2013,43071,12456,,,4310,27802,336,6786,27.0,5020,28.0,19.0,7655,5.6265,5.63,True
1004,PNB,Mar 2013,43071,12456,,,4310,27802,336,6786,27.0,5020,28.0,19.0,7655,5.6265,5.63,True
1004,PNB,Mar 2013,43071,12456,,,4310,27802,336,6786,27.0,5020,28.0,19.0,7655,5.6265,5.63,True
1004,PNB,Mar 2013,43071,12456,,,4310,27802,336,6786,27.0,5020,28.0,19.0,7655,5.6265,5.63,True
1004,PNB,Mar 2013,43071,12456,,,4310,27802,336,6786,27.0,5020,28.0,19.0,7655,5.6265,5.63,True
1004,PNB,Mar 2013,43071,12456,,,4310,27802,336,6786,27.0,5020,28.0,19.0,7655,5.6265,5.63,True
1004,PNB,Mar 2013,43071,12456,,,4310,27802,336,6786,27.0,5020,28.0,19.0,7655,5.6265,5.63,True
1004,PNB,Mar 2013,43071,12456,,,4310,27802,336,6786,27.0,5020,28.0,19.0,7655,5.6265,5.63,True
1004,PNB,Mar 2013,43071,12456,,,4310,27802,336,6786,27.0,5020,28.0,19.0,7655,5.6265,5.63,True
1004,PNB,Mar 2013,43071,12456,,,4310,27802,336,6786,27.0,5020,28.0,19.0,7655,5.6265,5.63,True
1004,PNB,Mar 2013,43071,12456,,,4310,27802,336,6786,27.0,5020,28.0,19.0,7655,5.6265,5.63,True
1004,PNB,Mar 2013,43071,12456,,,4310,27802,336,6786,27.0,5020,28.0,19.0,7655,5.6265,5.63,True
1004,PNB,Mar 2013,43071,12456,,,4310,27802,336,6786,27.0,5020,28.0,19.0,7655,5.6265,5.63,True
1004,PNB,Mar 2013,43071,12456,,,4310,27802,336,6786,27.0,5020,28.0,19.0,7655,5.6265,5.63,True
1004,PNB,Mar 2013,43071,12456,,,4310,27802,336,6786,27.0,5020,28.0,19.0,7655,5.6265,5.63,True
1004,PNB,Mar 2013,43071,12456,,,4310,27802,336,6786,27.0,5020,28.0,19.0,7655,5.6265,5.63,True
1004,PNB,Mar 2013,43071,12456,,,4310,27802,336,6786,27.0,5020,28.0,19.0,7655,5.6265,5.63,True
1004,PNB,Mar 2013,43071,12456,,,4310,27802,336,6786,27.0,5020,28.0,19.0,7655,5.6265,5.63,True
1004,PNB,Mar 2013,43071,12456,,,4310,27802,336,6786,27.0,5020,28.0,19.0,7655,5.6265,5.63,True
1004,PNB,Mar 2013,43071,12456,,,4310,27802,336,6786,27.0,5020,28.0,19.0,7655,5.6265,5.63,True
1004,PNB,Mar 2013,43071,12456,,,4310,27802,336,6786,27.0,5020,28.0,19.0,7655,5.6265,5.63,True
1005,PNB,Mar 2014,44958,16112,,,4710,28220,367,4969,29.0,3674,20.0,10.0,11540,3.8958,3.9,True
1005,PNB,Mar 2014,44958,16112,,,4710,28220,367,4969,29.0,3674,20.0,10.0,11540,3.8958,3.9,True
1005,PNB,Mar 2014,44958,16112,,,4710,28220,367,4969,29.0,3674,20.0,10.0,11540,3.8958,3.9,True
1005,PNB,Mar 2014,44958,16112,,,4710,28220,367,4969,29.0,3674,20.0,10.0,11540,3.8958,3.9,True
1005,PNB,Mar 2014,44958,16112,,,4710,28220,367,4969,29.0,3674,20.0,10.0,11540,3.8958,3.9,True
1005,PNB,Mar 2014,44958,16112,,,4710,28220,367,4969,29.0,3674,20.0,10.0,11540,3.8958,3.9,True
1005,PNB,Mar 2014,44958,16112,,,4710,28220,367,4969,29.0,3674,20.0,10.0,11540,3.8958,3.9,True
1005,PNB,Mar 2014,44958,16112,,,4710,28220,367,4969,29.0,3674,20.0,10.0,11540,3.8958,3.9,True
1005,PNB,Mar 2014,44958,16112,,,4710,28220,367,4969,29.0,3674,20.0,10.0,11540,3.8958,3.9,True
1005,PNB,Mar 2014,44958,16112,,,4710,28220,367,4969,29.0,3674,20.0,10.0,11540,3.8958,3.9,True
1005,PNB,Mar 2014,44958,16112,,,4710,28220,367,4969,29.0,3674,20.0,10.0,11540,3.8958,3.9,True
1005,PNB,Mar 2014,44958,16112,,,4710,28220,367,4969,29.0,3674,20.0,10.0,11540,3.8958,3.9,True
1005,PNB,Mar 2014,44958,16112,,,4710,28220,367,4969,29.0,3674,20.0,10.0,11540,3.8958,3.9,True
1005,PNB,Mar 2014,44958,16112,,,4710,28220,367,4969,29.0,3674,20.0,10.0,11540,3.8958,3.9,True
1005,PNB,Mar 2014,44958,16112,,,4710,28220,367,4969,29.0,3674,20.0,10.0,11540,3.8958,3.9,True
1005,PNB,Mar 2014,44958,16112,,,4710,28220,367,4969,29.0,3674,20.0,10.0,11540,3.8958,3.9,True
1005,PNB,Mar 2014,44958,16112,,,4710,28220,367,4969,29.0,3674,20.0,10.0,11540,3.8958,3.9,True
1005,PNB,Mar 2014,44958,16112,,,4710,28220,367,4969,29.0,3674,20.0,10.0,11540,3.8958,3.9,True
1005,PNB,Mar 2014,44958,16112,,,4710,28220,367,4969,29.0,3674,20.0,10.0,11540,3.8958,3.9,True
1005,PNB,Mar 2014,44958,16112,,,4710,28220,367,4969,29.0,3674,20.0,10.0,11540,3.8958,3.9,True
1005,PNB,Mar 2014,44958,16112,,,4710,28220,367,4969,29.0,3674,20.0,10.0,11540,3.8958,3.9,True
1005,PNB,Mar 2014,44958,16112,,,4710,28220,367,4969,29.0,3674,20.0,10.0,11540,3.8958,3.9,True
1005,PNB,Mar 2014,44958,16112,,,4710,28220,367,4969,29.0,3674,20.0,10.0,11540,3.8958,3.9,True
1005,PNB,Mar 2014,44958,16112,,,4710,28220,367,4969,29.0,3674,20.0,10.0,11540,3.8958,3.9,True
1005,PNB,Mar 2014,44958,16112,,,4710,28220,367,4969,29.0,3674,20.0,10.0,11540,3.8958,3.9,True
1006,PNB,Mar 2015,48710,18760,,,6175,31343,384,4397,24.0,3525,18.0,18.0,19035,2.559,2.56,True
1006,PNB,Mar 2015,48710,18760,,,6175,31343,384,4397,24.0,3525,18.0,18.0,19035,2.559,2.56,True
1006,PNB,Mar 2015,48710,18760,,,6175,31343,384,4397,24.0,3525,18.0,18.0,19035,2.559,2.56,True
1006,PNB,Mar 2015,48710,18760,,,6175,31343,384,4397,24.0,3525,18.0,18.0,19035,2.559,2.56,True
1006,PNB,Mar 2015,48710,18760,,,6175,31343,384,4397,24.0,3525,18.0,18.0,19035,2.559,2.56,True
1006,PNB,Mar 2015,48710,18760,,,6175,31343,384,4397,24.0,3525,18.0,18.0,19035,2.559,2.56,True
1006,PNB,Mar 2015,48710,18760,,,6175,31343,384,4397,24.0,3525,18.0,18.0,19035,2.559,2.56,True
1006,PNB,Mar 2015,48710,18760,,,6175,31343,384,4397,24.0,3525,18.0,18.0,19035,2.559,2.56,True
1006,PNB,Mar 2015,48710,18760,,,6175,31343,384,4397,24.0,3525,18.0,18.0,19035,2.559,2.56,True
1006,PNB,Mar 2015,48710,18760,,,6175,31343,384,4397,24.0,3525,18.0,18.0,19035,2.559,2.56,True
1006,PNB,Mar 2015,48710,18760,,,6175,31343,384,4397,24.0,3525,18.0,18.0,19035,2.559,2.56,True
1006,PNB,Mar 2015,48710,18760,,,6175,31343,384,4397,24.0,3525,18.0,18.0,19035,2.559,2.56,True
1006,PNB,Mar 2015,48710,18760,,,6175,31343,384,4397,24.0,3525,18.0,18.0,19035,2.559,2.56,True
1006,PNB,Mar 2015,48710,18760,,,6175,31343,384,4397,24.0,3525,18.0,18.0,19035,2.559,2.56,True
1006,PNB,Mar 2015,48710,18760,,,6175,31343,384,4397,24.0,3525,18.0,18.0,19035,2.559,2.56,True
1006,PNB,Mar 2015,48710,18760,,,6175,31343,384,4397,24.0,3525,18.0,18.0,19035,2.559,2.56,True
1006,PNB,Mar 2015,48710,18760,,,6175,31343,384,4397,24.0,3525,18.0,18.0,19035,2.559,2.56,True
1006,PNB,Mar 2015,48710,18760,,,6175,31343,384,4397,24.0,3525,18.0,18.0,19035,2.559,2.56,True
1006,PNB,Mar 2015,48710,18760,,,6175,31343,384,4397,24.0,3525,18.0,18.0,19035,2.559,2.56,True
1006,PNB,Mar 2015,48710,18760,,,6175,31343,384,4397,24.0,3525,18.0,18.0,19035,2.559,2.56,True
1006,PNB,Mar 2015,48710,18760,,,6175,31343,384,4397,24.0,3525,18.0,18.0,19035,2.559,2.56,True
1006,PNB,Mar 2015,48710,18760,,,6175,31343,384,4397,24.0,3525,18.0,18.0,19035,2.559,2.56,True
1006,PNB,Mar 2015,48710,18760,,,6175,31343,384,4397,24.0,3525,18.0,18.0,19035,2.559,2.56,True
1006,PNB,Mar 2015,48710,18760,,,6175,31343,384,4397,24.0,3525,18.0,18.0,19035,2.559,2.56,True
1006,PNB,Mar 2015,48710,18760,,,6175,31343,384,4397,24.0,3525,18.0,18.0,19035,2.559,2.56,True
1007,PNB,Mar 2016,50804,27453,,,6100,34331,413,-5293,-31.0,-3510,-19.0,-2.0,29671,1.7122,1.71,True
1007,PNB,Mar 2016,50804,27453,,,6100,34331,413,-5293,-31.0,-3510,-19.0,-2.0,29671,1.7122,1.71,True
1007,PNB,Mar 2016,50804,27453,,,6100,34331,413,-5293,-31.0,-3510,-19.0,-2.0,29671,1.7122,1.71,True
1007,PNB,Mar 2016,50804,27453,,,6100,34331,413,-5293,-31.0,-3510,-19.0,-2.0,29671,1.7122,1.71,True
1007,PNB,Mar 2016,50804,27453,,,6100,34331,413,-5293,-31.0,-3510,-19.0,-2.0,29671,1.7122,1.71,True
1007,PNB,Mar 2016,50804,27453,,,6100,34331,413,-5293,-31.0,-3510,-19.0,-2.0,29671,1.7122,1.71,True
1007,PNB,Mar 2016,50804,27453,,,6100,34331,413,-5293,-31.0,-3510,-19.0,-2.0,29671,1.7122,1.71,True
1007,PNB,Mar 2016,50804,27453,,,6100,34331,413,-5293,-31.0,-3510,-19.0,-2.0,29671,1.7122,1.71,True
1007,PNB,Mar 2016,50804,27453,,,6100,34331,413,-5293,-31.0,-3510,-19.0,-2.0,29671,1.7122,1.71,True
1007,PNB,Mar 2016,50804,27453,,,6100,34331,413,-5293,-31.0,-3510,-19.0,-2.0,29671,1.7122,1.71,True
1007,PNB,Mar 2016,50804,27453,,,6100,34331,413,-5293,-31.0,-3510,-19.0,-2.0,29671,1.7122,1.71,True
1007,PNB,Mar 2016,50804,27453,,,6100,34331,413,-5293,-31.0,-3510,-19.0,-2.0,29671,1.7122,1.71,True
1007,PNB,Mar 2016,50804,27453,,,6100,34331,413,-5293,-31.0,-3510,-19.0,-2.0,29671,1.7122,1.71,True
1007,PNB,Mar 2016,50804,27453,,,6100,34331,413,-5293,-31.0,-3510,-19.0,-2.0,29671,1.7122,1.71,True
1007,PNB,Mar 2016,50804,27453,,,6100,34331,413,-5293,-31.0,-3510,-19.0,-2.0,29671,1.7122,1.71,True
1007,PNB,Mar 2016,50804,27453,,,6100,34331,413,-5293,-31.0,-3510,-19.0,-2.0,29671,1.7122,1.71,True
1007,PNB,Mar 2016,50804,27453,,,6100,34331,413,-5293,-31.0,-3510,-19.0,-2.0,29671,1.7122,1.71,True
1007,PNB,Mar 2016,50804,27453,,,6100,34331,413,-5293,-31.0,-3510,-19.0,-2.0,29671,1.7122,1.71,True
1007,PNB,Mar 2016,50804,27453,,,6100,34331,413,-5293,-31.0,-3510,-19.0,-2.0,29671,1.7122,1.71,True
1007,PNB,Mar 2016,50804,27453,,,6100,34331,413,-5293,-31.0,-3510,-19.0,-2.0,29671,1.7122,1.71,True
1007,PNB,Mar 2016,50804,27453,,,6100,34331,413,-5293,-31.0,-3510,-19.0,-2.0,29671,1.7122,1.71,True
1007,PNB,Mar 2016,50804,27453,,,6100,34331,413,-5293,-31.0,-3510,-19.0,-2.0,29671,1.7122,1.71,True
1007,PNB,Mar 2016,50804,27453,,,6100,34331,413,-5293,-31.0,-3510,-19.0,-2.0,29671,1.7122,1.71,True
1007,PNB,Mar 2016,50804,27453,,,6100,34331,413,-5293,-31.0,-3510,-19.0,-2.0,29671,1.7122,1.71,True
1007,PNB,Mar 2016,50804,27453,,,6100,34331,413,-5293,-31.0,-3510,-19.0,-2.0,29671,1.7122,1.71,True
1008,PNB,Mar 2017,48058,22533,,,9168,32722,430,1540,41.0,1239,6.0,0.0,42960,1.1187,1.12,True
1008,PNB,Mar 2017,48058,22533,,,9168,32722,430,1540,41.0,1239,6.0,0.0,42960,1.1187,1.12,True
1008,PNB,Mar 2017,48058,22533,,,9168,32722,430,1540,41.0,1239,6.0,0.0,42960,1.1187,1.12,True
1008,PNB,Mar 2017,48058,22533,,,9168,32722,430,1540,41.0,1239,6.0,0.0,42960,1.1187,1.12,True
1008,PNB,Mar 2017,48058,22533,,,9168,32722,430,1540,41.0,1239,6.0,0.0,42960,1.1187,1.12,True
1008,PNB,Mar 2017,48058,22533,,,9168,32722,430,1540,41.0,1239,6.0,0.0,42960,1.1187,1.12,True
1008,PNB,Mar 2017,48058,22533,,,9168,32722,430,1540,41.0,1239,6.0,0.0,42960,1.1187,1.12,True
1008,PNB,Mar 2017,48058,22533,,,9168,32722,430,1540,41.0,1239,6.0,0.0,42960,1.1187,1.12,True
1008,PNB,Mar 2017,48058,22533,,,9168,32722,430,1540,41.0,1239,6.0,0.0,42960,1.1187,1.12,True
1008,PNB,Mar 2017,48058,22533,,,9168,32722,430,1540,41.0,1239,6.0,0.0,42960,1.1187,1.12,True
1008,PNB,Mar 2017,48058,22533,,,9168,32722,430,1540,41.0,1239,6.0,0.0,42960,1.1187,1.12,True
1008,PNB,Mar 2017,48058,22533,,,9168,32722,430,1540,41.0,1239,6.0,0.0,42960,1.1187,1.12,True
1008,PNB,Mar 2017,48058,22533,,,9168,32722,430,1540,41.0,1239,6.0,0.0,42960,1.1187,1.12,True
1008,PNB,Mar 2017,48058,22533,,,9168,32722,430,1540,41.0,1239,6.0,0.0,42960,1.1187,1.12,True
1008,PNB,Mar 2017,48058,22533,,,9168,32722,430,1540,41.0,1239,6.0,0.0,42960,1.1187,1.12,True
1008,PNB,Mar 2017,48058,22533,,,9168,32722,430,1540,41.0,1239,6.0,0.0,42960,1.1187,1.12,True
1008,PNB,Mar 2017,48058,22533,,,9168,32722,430,1540,41.0,1239,6.0,0.0,42960,1.1187,1.12,True
1008,PNB,Mar 2017,48058,22533,,,9168,32722,430,1540,41.0,1239,6.0,0.0,42960,1.1187,1.12,True
1008,PNB,Mar 2017,48058,22533,,,9168,32722,430,1540,41.0,1239,6.0,0.0,42960,1.1187,1.12,True
1008,PNB,Mar 2017,48058,22533,,,9168,32722,430,1540,41.0,1239,6.0,0.0,42960,1.1187,1.12,True
1008,PNB,Mar 2017,48058,22533,,,9168,32722,430,1540,41.0,1239,6.0,0.0,42960,1.1187,1.12,True
1008,PNB,Mar 2017,48058,22533,,,9168,32722,430,1540,41.0,1239,6.0,0.0,42960,1.1187,1.12,True
1008,PNB,Mar 2017,48058,22533,,,9168,32722,430,1540,41.0,1239,6.0,0.0,42960,1.1187,1.12,True
1008,PNB,Mar 2017,48058,22533,,,9168,32722,430,1540,41.0,1239,6.0,0.0,42960,1.1187,1.12,True
1008,PNB,Mar 2017,48058,22533,,,9168,32722,430,1540,41.0,1239,6.0,0.0,42960,1.1187,1.12,True
1009,PNB,Mar 2018,48725,43345,,,8883,33530,581,-19849,-37.0,-12111,-44.0,0.0,63018,0.7732,0.77,True
1009,PNB,Mar 2018,48725,43345,,,8883,33530,581,-19849,-37.0,-12111,-44.0,0.0,63018,0.7732,0.77,True
1009,PNB,Mar 2018,48725,43345,,,8883,33530,581,-19849,-37.0,-12111,-44.0,0.0,63018,0.7732,0.77,True
1009,PNB,Mar 2018,48725,43345,,,8883,33530,581,-19849,-37.0,-12111,-44.0,0.0,63018,0.7732,0.77,True
1009,PNB,Mar 2018,48725,43345,,,8883,33530,581,-19849,-37.0,-12111,-44.0,0.0,63018,0.7732,0.77,True
1009,PNB,Mar 2018,48725,43345,,,8883,33530,581,-19849,-37.0,-12111,-44.0,0.0,63018,0.7732,0.77,True
1009,PNB,Mar 2018,48725,43345,,,8883,33530,581,-19849,-37.0,-12111,-44.0,0.0,63018,0.7732,0.77,True
1009,PNB,Mar 2018,48725,43345,,,8883,33530,581,-19849,-37.0,-12111,-44.0,0.0,63018,0.7732,0.77,True
1009,PNB,Mar 2018,48725,43345,,,8883,33530,581,-19849,-37.0,-12111,-44.0,0.0,63018,0.7732,0.77,True
1009,PNB,Mar 2018,48725,43345,,,8883,33530,581,-19849,-37.0,-12111,-44.0,0.0,63018,0.7732,0.77,True
1009,PNB,Mar 2018,48725,43345,,,8883,33530,581,-19849,-37.0,-12111,-44.0,0.0,63018,0.7732,0.77,True
1009,PNB,Mar 2018,48725,43345,,,8883,33530,581,-19849,-37.0,-12111,-44.0,0.0,63018,0.7732,0.77,True
1009,PNB,Mar 2018,48725,43345,,,8883,33530,581,-19849,-37.0,-12111,-44.0,0.0,63018,0.7732,0.77,True
1009,PNB,Mar 2018,48725,43345,,,8883,33530,581,-19849,-37.0,-12111,-44.0,0.0,63018,0.7732,0.77,True
1009,PNB,Mar 2018,48725,43345,,,8883,33530,581,-19849,-37.0,-12111,-44.0,0.0,63018,0.7732,0.77,True
1009,PNB,Mar 2018,48725,43345,,,8883,33530,581,-19849,-37.0,-12111,-44.0,0.0,63018,0.7732,0.77,True
1009,PNB,Mar 2018,48725,43345,,,8883,33530,581,-19849,-37.0,-12111,-44.0,0.0,63018,0.7732,0.77,True
1009,PNB,Mar 2018,48725,43345,,,8883,33530,581,-19849,-37.0,-12111,-44.0,0.0,63018,0.7732,0.77,True
1009,PNB,Mar 2018,48725,43345,,,8883,33530,581,-19849,-37.0,-12111,-44.0,0.0,63018,0.7732,0.77,True
1009,PNB,Mar 2018,48725,43345,,,8883,33530,581,-19849,-37.0,-12111,-44.0,0.0,63018,0.7732,0.77,True
1009,PNB,Mar 2018,48725,43345,,,8883,33530,581,-19849,-37.0,-12111,-44.0,0.0,63018,0.7732,0.77,True
1009,PNB,Mar 2018,48725,43345,,,8883,33530,581,-19849,-37.0,-12111,-44.0,0.0,63018,0.7732,0.77,True
1009,PNB,Mar 2018,48725,43345,,,8883,33530,581,-19849,-37.0,-12111,-44.0,0.0,63018,0.7732,0.77,True
1009,PNB,Mar 2018,48725,43345,,,8883,33530,581,-19849,-37.0,-12111,-44.0,0.0,63018,0.7732,0.77,True
1009,PNB,Mar 2018,48725,43345,,,8883,33530,581,-19849,-37.0,-12111,-44.0,0.0,63018,0.7732,0.77,True
1010,PNB,Mar 2019,52147,39645,,,7367,34656,584,-15370,-35.0,-9550,-21.0,0.0,83750,0.6227,0.62,True
1010,PNB,Mar 2019,52147,39645,,,7367,34656,584,-15370,-35.0,-9550,-21.0,0.0,83750,0.6227,0.62,True
1010,PNB,Mar 2019,52147,39645,,,7367,34656,584,-15370,-35.0,-9550,-21.0,0.0,83750,0.6227,0.62,True
1010,PNB,Mar 2019,52147,39645,,,7367,34656,584,-15370,-35.0,-9550,-21.0,0.0,83750,0.6227,0.62,True
1010,PNB,Mar 2019,52147,39645,,,7367,34656,584,-15370,-35.0,-9550,-21.0,0.0,83750,0.6227,0.62,True
1010,PNB,Mar 2019,52147,39645,,,7367,34656,584,-15370,-35.0,-9550,-21.0,0.0,83750,0.6227,0.62,True
1010,PNB,Mar 2019,52147,39645,,,7367,34656,584,-15370,-35.0,-9550,-21.0,0.0,83750,0.6227,0.62,True
1010,PNB,Mar 2019,52147,39645,,,7367,34656,584,-15370,-35.0,-9550,-21.0,0.0,83750,0.6227,0.62,True
1010,PNB,Mar 2019,52147,39645,,,7367,34656,584,-15370,-35.0,-9550,-21.0,0.0,83750,0.6227,0.62,True
1010,PNB,Mar 2019,52147,39645,,,7367,34656,584,-15370,-35.0,-9550,-21.0,0.0,83750,0.6227,0.62,True
1010,PNB,Mar 2019,52147,39645,,,7367,34656,584,-15370,-35.0,-9550,-21.0,0.0,83750,0.6227,0.62,True
1010,PNB,Mar 2019,52147,39645,,,7367,34656,584,-15370,-35.0,-9550,-21.0,0.0,83750,0.6227,0.62,True
1010,PNB,Mar 2019,52147,39645,,,7367,34656,584,-15370,-35.0,-9550,-21.0,0.0,83750,0.6227,0.62,True
1010,PNB,Mar 2019,52147,39645,,,7367,34656,584,-15370,-35.0,-9550,-21.0,0.0,83750,0.6227,0.62,True
1010,PNB,Mar 2019,52147,39645,,,7367,34656,584,-15370,-35.0,-9550,-21.0,0.0,83750,0.6227,0.62,True
1010,PNB,Mar 2019,52147,39645,,,7367,34656,584,-15370,-35.0,-9550,-21.0,0.0,83750,0.6227,0.62,True
1010,PNB,Mar 2019,52147,39645,,,7367,34656,584,-15370,-35.0,-9550,-21.0,0.0,83750,0.6227,0.62,True
1010,PNB,Mar 2019,52147,39645,,,7367,34656,584,-15370,-35.0,-9550,-21.0,0.0,83750,0.6227,0.62,True
1010,PNB,Mar 2019,52147,39645,,,7367,34656,584,-15370,-35.0,-9550,-21.0,0.0,83750,0.6227,0.62,True
1010,PNB,Mar 2019,52147,39645,,,7367,34656,584,-15370,-35.0,-9550,-21.0,0.0,83750,0.6227,0.62,True
1010,PNB,Mar 2019,52147,39645,,,7367,34656,584,-15370,-35.0,-9550,-21.0,0.0,83750,0.6227,0.62,True
1010,PNB,Mar 2019,52147,39645,,,7367,34656,584,-15370,-35.0,-9550,-21.0,0.0,83750,0.6227,0.62,True
1010,PNB,Mar 2019,52147,39645,,,7367,34656,584,-15370,-35.0,-9550,-21.0,0.0,83750,0.6227,0.62,True
1010,PNB,Mar 2019,52147,39645,,,7367,34656,584,-15370,-35.0,-9550,-21.0,0.0,83750,0.6227,0.62,True
1010,PNB,Mar 2019,52147,39645,,,7367,34656,584,-15370,-35.0,-9550,-21.0,0.0,83750,0.6227,0.62,True
1011,PNB,Mar 2020,54918,25867,,,9388,36997,614,827,56.0,485,1.0,0.0,78874,0.6963,0.7,True
1011,PNB,Mar 2020,54918,25867,,,9388,36997,614,827,56.0,485,1.0,0.0,78874,0.6963,0.7,True
1011,PNB,Mar 2020,54918,25867,,,9388,36997,614,827,56.0,485,1.0,0.0,78874,0.6963,0.7,True
1011,PNB,Mar 2020,54918,25867,,,9388,36997,614,827,56.0,485,1.0,0.0,78874,0.6963,0.7,True
1011,PNB,Mar 2020,54918,25867,,,9388,36997,614,827,56.0,485,1.0,0.0,78874,0.6963,0.7,True
1011,PNB,Mar 2020,54918,25867,,,9388,36997,614,827,56.0,485,1.0,0.0,78874,0.6963,0.7,True
1011,PNB,Mar 2020,54918,25867,,,9388,36997,614,827,56.0,485,1.0,0.0,78874,0.6963,0.7,True
1011,PNB,Mar 2020,54918,25867,,,9388,36997,614,827,56.0,485,1.0,0.0,78874,0.6963,0.7,True
1011,PNB,Mar 2020,54918,25867,,,9388,36997,614,827,56.0,485,1.0,0.0,78874,0.6963,0.7,True
1011,PNB,Mar 2020,54918,25867,,,9388,36997,614,827,56.0,485,1.0,0.0,78874,0.6963,0.7,True
1011,PNB,Mar 2020,54918,25867,,,9388,36997,614,827,56.0,485,1.0,0.0,78874,0.6963,0.7,True
1011,PNB,Mar 2020,54918,25867,,,9388,36997,614,827,56.0,485,1.0,0.0,78874,0.6963,0.7,True
1011,PNB,Mar 2020,54918,25867,,,9388,36997,614,827,56.0,485,1.0,0.0,78874,0.6963,0.7,True
1011,PNB,Mar 2020,54918,25867,,,9388,36997,614,827,56.0,485,1.0,0.0,78874,0.6963,0.7,True
1011,PNB,Mar 2020,54918,25867,,,9388,36997,614,827,56.0,485,1.0,0.0,78874,0.6963,0.7,True
1011,PNB,Mar 2020,54918,25867,,,9388,36997,614,827,56.0,485,1.0,0.0,78874,0.6963,0.7,True
1011,PNB,Mar 2020,54918,25867,,,9388,36997,614,827,56.0,485,1.0,0.0,78874,0.6963,0.7,True
1011,PNB,Mar 2020,54918,25867,,,9388,36997,614,827,56.0,485,1.0,0.0,78874,0.6963,0.7,True
1011,PNB,Mar 2020,54918,25867,,,9388,36997,614,827,56.0,485,1.0,0.0,78874,0.6963,0.7,True
1011,PNB,Mar 2020,54918,25867,,,9388,36997,614,827,56.0,485,1.0,0.0,78874,0.6963,0.7,True
1011,PNB,Mar 2020,54918,25867,,,9388,36997,614,827,56.0,485,1.0,0.0,78874,0.6963,0.7,True
1011,PNB,Mar 2020,54918,25867,,,9388,36997,614,827,56.0,485,1.0,0.0,78874,0.6963,0.7,True
1011,PNB,Mar 2020,54918,25867,,,9388,36997,614,827,56.0,485,1.0,0.0,78874,0.6963,0.7,True
1011,PNB,Mar 2020,54918,25867,,,9388,36997,614,827,56.0,485,1.0,0.0,78874,0.6963,0.7,True
1011,PNB,Mar 2020,54918,25867,,,9388,36997,614,827,56.0,485,1.0,0.0,78874,0.6963,0.7,True
1012,PNB,Mar 2021,81935,38601,,,12777,50805,982,4325,38.0,2695,2.0,0.0,71333,1.1486,1.15,True
1012,PNB,Mar 2021,81935,38601,,,12777,50805,982,4325,38.0,2695,2.0,0.0,71333,1.1486,1.15,True
1012,PNB,Mar 2021,81935,38601,,,12777,50805,982,4325,38.0,2695,2.0,0.0,71333,1.1486,1.15,True
1012,PNB,Mar 2021,81935,38601,,,12777,50805,982,4325,38.0,2695,2.0,0.0,71333,1.1486,1.15,True
1012,PNB,Mar 2021,81935,38601,,,12777,50805,982,4325,38.0,2695,2.0,0.0,71333,1.1486,1.15,True
1012,PNB,Mar 2021,81935,38601,,,12777,50805,982,4325,38.0,2695,2.0,0.0,71333,1.1486,1.15,True
1012,PNB,Mar 2021,81935,38601,,,12777,50805,982,4325,38.0,2695,2.0,0.0,71333,1.1486,1.15,True
1012,PNB,Mar 2021,81935,38601,,,12777,50805,982,4325,38.0,2695,2.0,0.0,71333,1.1486,1.15,True
1012,PNB,Mar 2021,81935,38601,,,12777,50805,982,4325,38.0,2695,2.0,0.0,71333,1.1486,1.15,True
1012,PNB,Mar 2021,81935,38601,,,12777,50805,982,4325,38.0,2695,2.0,0.0,71333,1.1486,1.15,True
1012,PNB,Mar 2021,81935,38601,,,12777,50805,982,4325,38.0,2695,2.0,0.0,71333,1.1486,1.15,True
1012,PNB,Mar 2021,81935,38601,,,12777,50805,982,4325,38.0,2695,2.0,0.0,71333,1.1486,1.15,True
1012,PNB,Mar 2021,81935,38601,,,12777,50805,982,4325,38.0,2695,2.0,0.0,71333,1.1486,1.15,True
1012,PNB,Mar 2021,81935,38601,,,12777,50805,982,4325,38.0,2695,2.0,0.0,71333,1.1486,1.15,True
1012,PNB,Mar 2021,81935,38601,,,12777,50805,982,4325,38.0,2695,2.0,0.0,71333,1.1486,1.15,True
1012,PNB,Mar 2021,81935,38601,,,12777,50805,982,4325,38.0,2695,2.0,0.0,71333,1.1486,1.15,True
1012,PNB,Mar 2021,81935,38601,,,12777,50805,982,4325,38.0,2695,2.0,0.0,71333,1.1486,1.15,True
1012,PNB,Mar 2021,81935,38601,,,12777,50805,982,4325,38.0,2695,2.0,0.0,71333,1.1486,1.15,True
1012,PNB,Mar 2021,81935,38601,,,12777,50805,982,4325,38.0,2695,2.0,0.0,71333,1.1486,1.15,True
1012,PNB,Mar 2021,81935,38601,,,12777,50805,982,4325,38.0,2695,2.0,0.0,71333,1.1486,1.15,True
1012,PNB,Mar 2021,81935,38601,,,12777,50805,982,4325,38.0,2695,2.0,0.0,71333,1.1486,1.15,True
1012,PNB,Mar 2021,81935,38601,,,12777,50805,982,4325,38.0,2695,2.0,0.0,71333,1.1486,1.15,True
1012,PNB,Mar 2021,81935,38601,,,12777,50805,982,4325,38.0,2695,2.0,0.0,71333,1.1486,1.15,True
1012,PNB,Mar 2021,81935,38601,,,12777,50805,982,4325,38.0,2695,2.0,0.0,71333,1.1486,1.15,True
1012,PNB,Mar 2021,81935,38601,,,12777,50805,982,4325,38.0,2695,2.0,0.0,71333,1.1486,1.15,True
1013,PNB,Mar 2022,76242,36026,,,12329,46823,896,4826,19.0,3908,4.0,18.0,65649,1.1614,1.16,True
1013,PNB,Mar 2022,76242,36026,,,12329,46823,896,4826,19.0,3908,4.0,18.0,65649,1.1614,1.16,True
1013,PNB,Mar 2022,76242,36026,,,12329,46823,896,4826,19.0,3908,4.0,18.0,65649,1.1614,1.16,True
1013,PNB,Mar 2022,76242,36026,,,12329,46823,896,4826,19.0,3908,4.0,18.0,65649,1.1614,1.16,True
1013,PNB,Mar 2022,76242,36026,,,12329,46823,896,4826,19.0,3908,4.0,18.0,65649,1.1614,1.16,True
1013,PNB,Mar 2022,76242,36026,,,12329,46823,896,4826,19.0,3908,4.0,18.0,65649,1.1614,1.16,True
1013,PNB,Mar 2022,76242,36026,,,12329,46823,896,4826,19.0,3908,4.0,18.0,65649,1.1614,1.16,True
1013,PNB,Mar 2022,76242,36026,,,12329,46823,896,4826,19.0,3908,4.0,18.0,65649,1.1614,1.16,True
1013,PNB,Mar 2022,76242,36026,,,12329,46823,896,4826,19.0,3908,4.0,18.0,65649,1.1614,1.16,True
1013,PNB,Mar 2022,76242,36026,,,12329,46823,896,4826,19.0,3908,4.0,18.0,65649,1.1614,1.16,True
1013,PNB,Mar 2022,76242,36026,,,12329,46823,896,4826,19.0,3908,4.0,18.0,65649,1.1614,1.16,True
1013,PNB,Mar 2022,76242,36026,,,12329,46823,896,4826,19.0,3908,4.0,18.0,65649,1.1614,1.16,True
1013,PNB,Mar 2022,76242,36026,,,12329,46823,896,4826,19.0,3908,4.0,18.0,65649,1.1614,1.16,True
1013,PNB,Mar 2022,76242,36026,,,12329,46823,896,4826,19.0,3908,4.0,18.0,65649,1.1614,1.16,True
1013,PNB,Mar 2022,76242,36026,,,12329,46823,896,4826,19.0,3908,4.0,18.0,65649,1.1614,1.16,True
1013,PNB,Mar 2022,76242,36026,,,12329,46823,896,4826,19.0,3908,4.0,18.0,65649,1.1614,1.16,True
1013,PNB,Mar 2022,76242,36026,,,12329,46823,896,4826,19.0,3908,4.0,18.0,65649,1.1614,1.16,True
1013,PNB,Mar 2022,76242,36026,,,12329,46823,896,4826,19.0,3908,4.0,18.0,65649,1.1614,1.16,True
1013,PNB,Mar 2022,76242,36026,,,12329,46823,896,4826,19.0,3908,4.0,18.0,65649,1.1614,1.16,True
1013,PNB,Mar 2022,76242,36026,,,12329,46823,896,4826,19.0,3908,4.0,18.0,65649,1.1614,1.16,True
1013,PNB,Mar 2022,76242,36026,,,12329,46823,896,4826,19.0,3908,4.0,18.0,65649,1.1614,1.16,True
1013,PNB,Mar 2022,76242,36026,,,12329,46823,896,4826,19.0,3908,4.0,18.0,65649,1.1614,1.16,True
1013,PNB,Mar 2022,76242,36026,,,12329,46823,896,4826,19.0,3908,4.0,18.0,65649,1.1614,1.16,True
1013,PNB,Mar 2022,76242,36026,,,12329,46823,896,4826,19.0,3908,4.0,18.0,65649,1.1614,1.16,True
1013,PNB,Mar 2022,76242,36026,,,12329,46823,896,4826,19.0,3908,4.0,18.0,65649,1.1614,1.16,True
1014,PNB,Mar 2023,86845,41502,,,12529,51817,905,5151,35.0,3359,3.0,21.0,66805,1.3,1.3,True
1014,PNB,Mar 2023,86845,41502,,,12529,51817,905,5151,35.0,3359,3.0,21.0,66805,1.3,1.3,True
1014,PNB,Mar 2023,86845,41502,,,12529,51817,905,5151,35.0,3359,3.0,21.0,66805,1.3,1.3,True
1014,PNB,Mar 2023,86845,41502,,,12529,51817,905,5151,35.0,3359,3.0,21.0,66805,1.3,1.3,True
1014,PNB,Mar 2023,86845,41502,,,12529,51817,905,5151,35.0,3359,3.0,21.0,66805,1.3,1.3,True
1014,PNB,Mar 2023,86845,41502,,,12529,51817,905,5151,35.0,3359,3.0,21.0,66805,1.3,1.3,True
1014,PNB,Mar 2023,86845,41502,,,12529,51817,905,5151,35.0,3359,3.0,21.0,66805,1.3,1.3,True
1014,PNB,Mar 2023,86845,41502,,,12529,51817,905,5151,35.0,3359,3.0,21.0,66805,1.3,1.3,True
1014,PNB,Mar 2023,86845,41502,,,12529,51817,905,5151,35.0,3359,3.0,21.0,66805,1.3,1.3,True
1014,PNB,Mar 2023,86845,41502,,,12529,51817,905,5151,35.0,3359,3.0,21.0,66805,1.3,1.3,True
1014,PNB,Mar 2023,86845,41502,,,12529,51817,905,5151,35.0,3359,3.0,21.0,66805,1.3,1.3,True
1014,PNB,Mar 2023,86845,41502,,,12529,51817,905,5151,35.0,3359,3.0,21.0,66805,1.3,1.3,True
1014,PNB,Mar 2023,86845,41502,,,12529,51817,905,5151,35.0,3359,3.0,21.0,66805,1.3,1.3,True
1014,PNB,Mar 2023,86845,41502,,,12529,51817,905,5151,35.0,3359,3.0,21.0,66805,1.3,1.3,True
1014,PNB,Mar 2023,86845,41502,,,12529,51817,905,5151,35.0,3359,3.0,21.0,66805,1.3,1.3,True
1014,PNB,Mar 2023,86845,41502,,,12529,51817,905,5151,35.0,3359,3.0,21.0,66805,1.3,1.3,True
1014,PNB,Mar 2023,86845,41502,,,12529,51817,905,5151,35.0,3359,3.0,21.0,66805,1.3,1.3,True
1014,PNB,Mar 2023,86845,41502,,,12529,51817,905,5151,35.0,3359,3.0,21.0,66805,1.3,1.3,True
1014,PNB,Mar 2023,86845,41502,,,12529,51817,905,5151,35.0,3359,3.0,21.0,66805,1.3,1.3,True
1014,PNB,Mar 2023,86845,41502,,,12529,51817,905,5151,35.0,3359,3.0,21.0,66805,1.3,1.3,True
1014,PNB,Mar 2023,86845,41502,,,12529,51817,905,5151,35.0,3359,3.0,21.0,66805,1.3,1.3,True
1014,PNB,Mar 2023,86845,41502,,,12529,51817,905,5151,35.0,3359,3.0,21.0,66805,1.3,1.3,True
1014,PNB,Mar 2023,86845,41502,,,12529,51817,905,5151,35.0,3359,3.0,21.0,66805,1.3,1.3,True
1014,PNB,Mar 2023,86845,41502,,,12529,51817,905,5151,35.0,3359,3.0,21.0,66805,1.3,1.3,True
1014,PNB,Mar 2023,86845,41502,,,12529,51817,905,5151,35.0,3359,3.0,21.0,66805,1.3,1.3,True
1015,PNB,Mar 2024,109065,39623,,,14158,68534,906,14160,35.0,9157,8.0,18.0,72371,1.507,1.51,True
1015,PNB,Mar 2024,109065,39623,,,14158,68534,906,14160,35.0,9157,8.0,18.0,72371,1.507,1.51,True
1015,PNB,Mar 2024,109065,39623,,,14158,68534,906,14160,35.0,9157,8.0,18.0,72371,1.507,1.51,True
1015,PNB,Mar 2024,109065,39623,,,14158,68534,906,14160,35.0,9157,8.0,18.0,72371,1.507,1.51,True
1015,PNB,Mar 2024,109065,39623,,,14158,68534,906,14160,35.0,9157,8.0,18.0,72371,1.507,1.51,True
1015,PNB,Mar 2024,109065,39623,,,14158,68534,906,14160,35.0,9157,8.0,18.0,72371,1.507,1.51,True
1015,PNB,Mar 2024,109065,39623,,,14158,68534,906,14160,35.0,9157,8.0,18.0,72371,1.507,1.51,True
1015,PNB,Mar 2024,109065,39623,,,14158,68534,906,14160,35.0,9157,8.0,18.0,72371,1.507,1.51,True
1015,PNB,Mar 2024,109065,39623,,,14158,68534,906,14160,35.0,9157,8.0,18.0,72371,1.507,1.51,True
1015,PNB,Mar 2024,109065,39623,,,14158,68534,906,14160,35.0,9157,8.0,18.0,72371,1.507,1.51,True
1015,PNB,Mar 2024,109065,39623,,,14158,68534,906,14160,35.0,9157,8.0,18.0,72371,1.507,1.51,True
1015,PNB,Mar 2024,109065,39623,,,14158,68534,906,14160,35.0,9157,8.0,18.0,72371,1.507,1.51,True
1015,PNB,Mar 2024,109065,39623,,,14158,68534,906,14160,35.0,9157,8.0,18.0,72371,1.507,1.51,True
1015,PNB,Mar 2024,109065,39623,,,14158,68534,906,14160,35.0,9157,8.0,18.0,72371,1.507,1.51,True
1015,PNB,Mar 2024,109065,39623,,,14158,68534,906,14160,35.0,9157,8.0,18.0,72371,1.507,1.51,True
1015,PNB,Mar 2024,109065,39623,,,14158,68534,906,14160,35.0,9157,8.0,18.0,72371,1.507,1.51,True
1015,PNB,Mar 2024,109065,39623,,,14158,68534,906,14160,35.0,9157,8.0,18.0,72371,1.507,1.51,True
1015,PNB,Mar 2024,109065,39623,,,14158,68534,906,14160,35.0,9157,8.0,18.0,72371,1.507,1.51,True
1015,PNB,Mar 2024,109065,39623,,,14158,68534,906,14160,35.0,9157,8.0,18.0,72371,1.507,1.51,True
1015,PNB,Mar 2024,109065,39623,,,14158,68534,906,14160,35.0,9157,8.0,18.0,72371,1.507,1.51,True
1015,PNB,Mar 2024,109065,39623,,,14158,68534,906,14160,35.0,9157,8.0,18.0,72371,1.507,1.51,True
1015,PNB,Mar 2024,109065,39623,,,14158,68534,906,14160,35.0,9157,8.0,18.0,72371,1.507,1.51,True
1015,PNB,Mar 2024,109065,39623,,,14158,68534,906,14160,35.0,9157,8.0,18.0,72371,1.507,1.51,True
1015,PNB,Mar 2024,109065,39623,,,14158,68534,906,14160,35.0,9157,8.0,18.0,72371,1.507,1.51,True
1015,PNB,Mar 2024,109065,39623,,,14158,68534,906,14160,35.0,9157,8.0,18.0,72371,1.507,1.51,True
1017,POWERGRID,Mar 2013,13081,2244,10837.0,83.0,966,2599,3428,5776,25.0,4313,5.0,31.0,113384,0.1154,0.12,True
1017,POWERGRID,Mar 2013,13081,2244,10837.0,83.0,966,2599,3428,5776,25.0,4313,5.0,31.0,113384,0.1154,0.12,True
1017,POWERGRID,Mar 2013,13081,2244,10837.0,83.0,966,2599,3428,5776,25.0,4313,5.0,31.0,113384,0.1154,0.12,True
1017,POWERGRID,Mar 2013,13081,2244,10837.0,83.0,966,2599,3428,5776,25.0,4313,5.0,31.0,113384,0.1154,0.12,True
1018,POWERGRID,Mar 2014,15555,2588,12967.0,83.0,725,3254,4079,6359,28.0,4548,5.0,30.0,141480,0.1099,0.11,True
1018,POWERGRID,Mar 2014,15555,2588,12967.0,83.0,725,3254,4079,6359,28.0,4548,5.0,30.0,141480,0.1099,0.11,True
1018,POWERGRID,Mar 2014,15555,2588,12967.0,83.0,725,3254,4079,6359,28.0,4548,5.0,30.0,141480,0.1099,0.11,True
1018,POWERGRID,Mar 2014,15555,2588,12967.0,83.0,725,3254,4079,6359,28.0,4548,5.0,30.0,141480,0.1099,0.11,True
1019,POWERGRID,Mar 2015,17540,2613,14927.0,85.0,731,4081,5173,6404,21.0,5046,5.0,21.0,160784,0.1091,0.11,True
1019,POWERGRID,Mar 2015,17540,2613,14927.0,85.0,731,4081,5173,6404,21.0,5046,5.0,21.0,160784,0.1091,0.11,True
1019,POWERGRID,Mar 2015,17540,2613,14927.0,85.0,731,4081,5173,6404,21.0,5046,5.0,21.0,160784,0.1091,0.11,True
1019,POWERGRID,Mar 2015,17540,2613,14927.0,85.0,731,4081,5173,6404,21.0,5046,5.0,21.0,160784,0.1091,0.11,True
1020,POWERGRID,Mar 2016,20652,2468,18184.0,88.0,656,5086,6182,7572,21.0,5959,6.0,20.0,179312,0.1152,0.12,True
1020,POWERGRID,Mar 2016,20652,2468,18184.0,88.0,656,5086,6182,7572,21.0,5959,6.0,20.0,179312,0.1152,0.12,True
1020,POWERGRID,Mar 2016,20652,2468,18184.0,88.0,656,5086,6182,7572,21.0,5959,6.0,20.0,179312,0.1152,0.12,True
1020,POWERGRID,Mar 2016,20652,2468,18184.0,88.0,656,5086,6182,7572,21.0,5959,6.0,20.0,179312,0.1152,0.12,True
1021,POWERGRID,Mar 2017,25697,3247,22450.0,87.0,933,6204,7722,9457,21.0,7451,8.0,31.0,195662,0.1313,0.13,True
1021,POWERGRID,Mar 2017,25697,3247,22450.0,87.0,933,6204,7722,9457,21.0,7451,8.0,31.0,195662,0.1313,0.13,True
1021,POWERGRID,Mar 2017,25697,3247,22450.0,87.0,933,6204,7722,9457,21.0,7451,8.0,31.0,195662,0.1313,0.13,True
1021,POWERGRID,Mar 2017,25697,3247,22450.0,87.0,933,6204,7722,9457,21.0,7451,8.0,31.0,195662,0.1313,0.13,True
1022,POWERGRID,Mar 2018,29954,3993,25961.0,87.0,4065,7324,9231,13471,39.0,8204,9.0,33.0,225354,0.1329,0.13,True
1022,POWERGRID,Mar 2018,29954,3993,25961.0,87.0,4065,7324,9231,13471,39.0,8204,9.0,33.0,225354,0.1329,0.13,True
1022,POWERGRID,Mar 2018,29954,3993,25961.0,87.0,4065,7324,9231,13471,39.0,8204,9.0,33.0,225354,0.1329,0.13,True
1022,POWERGRID,Mar 2018,29954,3993,25961.0,87.0,4065,7324,9231,13471,39.0,8204,9.0,33.0,225354,0.1329,0.13,True
1023,POWERGRID,Mar 2019,35059,8140,26920.0,77.0,1505,8737,10541,9147,-10.0,10034,11.0,43.0,247380,0.1417,0.14,True
1023,POWERGRID,Mar 2019,35059,8140,26920.0,77.0,1505,8737,10541,9147,-10.0,10034,11.0,43.0,247380,0.1417,0.14,True
1023,POWERGRID,Mar 2019,35059,8140,26920.0,77.0,1505,8737,10541,9147,-10.0,10034,11.0,43.0,247380,0.1417,0.14,True
1023,POWERGRID,Mar 2019,35059,8140,26920.0,77.0,1505,8737,10541,9147,-10.0,10034,11.0,43.0,247380,0.1417,0.14,True
1024,POWERGRID,Mar 2020,37744,4858,32886.0,87.0,2820,9509,11607,14590,24.0,11059,12.0,47.0,256671,0.1471,0.15,True
1024,POWERGRID,Mar 2020,37744,4858,32886.0,87.0,2820,9509,11607,14590,24.0,11059,12.0,47.0,256671,0.1471,0.15,True
1024,POWERGRID,Mar 2020,37744,4858,32886.0,87.0,2820,9509,11607,14590,24.0,11059,12.0,47.0,256671,0.1471,0.15,True
1024,POWERGRID,Mar 2020,37744,4858,32886.0,87.0,2820,9509,11607,14590,24.0,11059,12.0,47.0,256671,0.1471,0.15,True
1025,POWERGRID,Mar 2021,39640,4734,34906.0,88.0,769,8135,12039,15501,22.0,12036,13.0,52.0,255708,0.155,0.16,True
1025,POWERGRID,Mar 2021,39640,4734,34906.0,88.0,769,8135,12039,15501,22.0,12036,13.0,52.0,255708,0.155,0.16,True
1025,POWERGRID,Mar 2021,39640,4734,34906.0,88.0,769,8135,12039,15501,22.0,12036,13.0,52.0,255708,0.155,0.16,True
1025,POWERGRID,Mar 2021,39640,4734,34906.0,88.0,769,8135,12039,15501,22.0,12036,13.0,52.0,255708,0.155,0.16,True
1026,POWERGRID,Mar 2022,41622,5796,35826.0,86.0,4692,8036,12872,19610,14.0,16824,18.0,61.0,250950,0.1659,0.17,True
1026,POWERGRID,Mar 2022,41622,5796,35826.0,86.0,4692,8036,12872,19610,14.0,16824,18.0,61.0,250950,0.1659,0.17,True
1026,POWERGRID,Mar 2022,41622,5796,35826.0,86.0,4692,8036,12872,19610,14.0,16824,18.0,61.0,250950,0.1659,0.17,True
1026,POWERGRID,Mar 2022,41622,5796,35826.0,86.0,4692,8036,12872,19610,14.0,16824,18.0,61.0,250950,0.1659,0.17,True
1027,POWERGRID,Mar 2023,45603,6028,39576.0,87.0,1093,9634,13333,17702,13.0,15420,17.0,67.0,252225,0.1808,0.18,True
1027,POWERGRID,Mar 2023,45603,6028,39576.0,87.0,1093,9634,13333,17702,13.0,15420,17.0,67.0,252225,0.1808,0.18,True
1027,POWERGRID,Mar 2023,45603,6028,39576.0,87.0,1093,9634,13333,17702,13.0,15420,17.0,67.0,252225,0.1808,0.18,True
1027,POWERGRID,Mar 2023,45603,6028,39576.0,87.0,1093,9634,13333,17702,13.0,15420,17.0,67.0,252225,0.1808,0.18,True
1028,POWERGRID,Mar 2024,45843,6017,39826.0,87.0,556,8773,13095,18514,16.0,15573,17.0,67.0,250829,0.1828,0.18,True
1028,POWERGRID,Mar 2024,45843,6017,39826.0,87.0,556,8773,13095,18514,16.0,15573,17.0,67.0,250829,0.1828,0.18,True
1028,POWERGRID,Mar 2024,45843,6017,39826.0,87.0,556,8773,13095,18514,16.0,15573,17.0,67.0,250829,0.1828,0.18,True
1028,POWERGRID,Mar 2024,45843,6017,39826.0,87.0,556,8773,13095,18514,16.0,15573,17.0,67.0,250829,0.1828,0.18,True
1030,RECLTD,Mar 2013,13634,365,13270.0,97.0,4,8083,4,5186,26.0,3833,15.0,21.0,130570,0.1044,0.1,True
1031,RECLTD,Mar 2014,17223,572,16650.0,97.0,6,10035,5,6617,28.0,4741,18.0,20.0,152944,0.1126,0.11,True
1032,RECLTD,Mar 2015,20544,1149,19395.0,94.0,6,11840,8,7552,29.0,5344,20.0,20.0,183456,0.112,0.11,True
1033,RECLTD,Mar 2016,24125,1680,22445.0,93.0,4,14282,20,8147,30.0,5691,22.0,30.0,206945,0.1166,0.12,True
1034,RECLTD,Mar 2017,24338,1888,22450.0,92.0,24,13462,40,8972,30.0,6313,24.0,30.0,210245,0.1158,0.12,True
1035,RECLTD,Mar 2018,22658,3379,19279.0,85.0,18,13333,7,5958,25.0,4451,17.0,41.0,242370,0.0935,0.09,True
1036,RECLTD,Mar 2019,25408,1702,23705.0,93.0,33,15639,8,8090,29.0,5741,22.0,38.0,298454,0.0851,0.09,True
1037,RECLTD,Mar 2020,29942,3981,25961.0,87.0,72,18991,12,7030,29.0,4972,19.0,44.0,347030,0.0863,0.09,True
1038,RECLTD,Mar 2021,35557,3292,32265.0,91.0,15,21489,11,10780,22.0,8378,32.0,30.0,400867,0.0887,0.09,True
1039,RECLTD,Mar 2022,39276,4838,34438.0,88.0,62,22051,18,12431,19.0,10036,38.0,30.0,410860,0.0956,0.1,True
1040,RECLTD,Mar 2023,39486,1858,37628.0,95.0,28,23733,24,13898,20.0,11167,42.0,30.0,465503,0.0848,0.08,True
1041,RECLTD,Mar 2024,47517,-366,47883.0,101.0,48,29948,24,17960,21.0,14145,54.0,30.0,548191,0.0867,0.09,True
1043,RELIANCE,Mar 2013,395957,362802,33155.0,8.0,7757,3463,11232,26217,20.0,20886,15.0,13.0,362357,1.0927,1.09,True
1044,RELIANCE,Mar 2014,433521,398586,34935.0,8.0,8865,3836,11201,28763,22.0,22548,16.0,12.0,428843,1.0109,1.01,True
1045,RELIANCE,Mar 2015,374372,336923,37449.0,10.0,8528,3316,11547,31114,24.0,23640,17.0,12.0,504486,0.7421,0.74,True
1046,RELIANCE,Mar 2016,272583,230802,41781.0,15.0,12212,3691,11565,38737,23.0,29861,22.0,10.0,598997,0.4551,0.46,True
1047,RELIANCE,Mar 2017,303954,257647,46307.0,15.0,9222,3849,11646,40034,25.0,29833,22.0,11.0,706802,0.43,0.43,True
1048,RELIANCE,Mar 2018,390823,326508,64315.0,16.0,9869,8052,16706,49426,27.0,36080,27.0,10.0,811273,0.4817,0.48,True
1049,RELIANCE,Mar 2019,568337,484087,84250.0,15.0,8406,16495,20934,55227,28.0,39837,29.0,10.0,997630,0.5697,0.57,True
1050,RELIANCE,Mar 2020,596679,507413,89266.0,15.0,8570,22027,22203,53606,26.0,39880,29.0,10.0,1163015,0.513,0.51,True
1051,RELIANCE,Mar 2021,466307,385517,80790.0,17.0,22432,21189,26572,55461,3.0,53739,39.0,9.0,1320065,0.3532,0.35,True
1052,RELIANCE,Mar 2022,694673,586092,108581.0,16.0,19600,14584,29782,83815,19.0,67845,45.0,9.0,1498622,0.4635,0.46,True
1053,RELIANCE,Mar 2023,876396,734078,142318.0,16.0,12020,19571,40303,94464,22.0,74088,49.0,9.0,1605882,0.5457,0.55,True
1054,RELIANCE,Mar 2024,899041,736543,162498.0,18.0,16179,23118,50832,104727,25.0,79020,51.0,10.0,1755048,0.5123,0.51,True
1056,SBILIFE,Mar 2013,14870,14443,427.0,3.0,292,4,25,690,9.0,630,6.0,8.0,53714,0.2768,0.28,True
1057,SBILIFE,Mar 2014,17258,16747,511.0,3.0,344,5,35,816,11.0,728,7.0,14.0,60640,0.2846,0.28,True
1058,SBILIFE,Mar 2015,23399,22505,794.0,3.0,183,4,34,939,13.0,815,8.0,15.0,74121,0.3157,0.32,True
1059,SBILIFE,Mar 2016,19324,18404,920.0,5.0,129,5,37,1007,16.0,844,8.0,14.0,83429,0.2316,0.23,True
1060,SBILIFE,Mar 2017,30548,29479,1068.0,4.0,139,5,48,1154,17.0,955,10.0,16.0,102240,0.2988,0.3,True
1061,SBILIFE,Mar 2018,34068,32736,1332.0,4.0,156,6,59,1422,19.0,1150,12.0,17.0,121720,0.2799,0.28,True
1062,SBILIFE,Mar 2019,44604,43130,1474.0,3.0,266,8,92,1642,19.0,1327,13.0,15.0,146734,0.304,0.3,True
1063,SBILIFE,Mar 2020,43798,42447,1351.0,3.0,529,0,89,1790,21.0,1422,14.0,0.0,165580,0.2645,0.26,True
1064,SBILIFE,Mar 2021,81913,81040,872.0,1.0,867,0,99,1640,11.0,1456,15.0,17.0,226830,0.3611,0.36,True
1065,SBILIFE,Mar 2022,82983,82254,730.0,1.0,1032,0,75,1687,11.0,1506,15.0,13.0,273337,0.3036,0.3,True
1066,SBILIFE,Mar 2023,80636,80514,122.0,0.0,1862,10,68,1906,10.0,1721,17.0,15.0,314599,0.2563,0.26,True
1067,SBILIFE,Mar 2024,131988,131742,246.0,0.0,1917,9,76,2078,9.0,1894,19.0,14.0,398299,0.3314,0.33,True
1082,SHREECEM,Jun 2013,5418,3857,1561.0,29.0,187,193,436,1119,10.0,1004,288.0,7.0,6160,0.8795,0.88,True
1083,SHREECEM,Jun 2014,5715,4325,1390.0,24.0,104,129,550,815,3.0,787,226.0,10.0,7329,0.7798,0.78,True
1084,SHREECEM,Jun 2015,6259,4916,1344.0,21.0,102,121,925,401,-6.0,426,122.0,20.0,7998,0.7826,0.78,True
1086,SHREECEM,Mar 2017,8594,6081,2513.0,29.0,362,129,1215,1531,13.0,1339,384.0,36.0,11166,0.7697,0.77,True
1087,SHREECEM,Mar 2018,9833,7360,2473.0,25.0,389,135,899,1827,24.0,1384,397.0,13.0,15142,0.6494,0.65,True
1088,SHREECEM,Mar 2019,12555,9758,2797.0,22.0,69,248,1472,1146,11.0,1015,289.0,21.0,15493,0.8104,0.81,True
1089,SHREECEM,Mar 2020,12868,9098,3771.0,29.0,263,291,1808,1934,20.0,1544,426.0,26.0,19944,0.6452,0.65,True
1090,SHREECEM,Mar 2021,13560,9468,4091.0,30.0,426,251,1262,3004,24.0,2337,646.0,9.0,21513,0.6303,0.63,True
1091,SHREECEM,Mar 2022,15010,11300,3710.0,25.0,544,263,1146,2892,19.0,1269,352.0,14.0,23749,0.632,0.63,True
1092,SHREECEM,Mar 2023,17852,14893,2960.0,17.0,459,263,1661,1495,15.0,2369,664.0,28.0,26334,0.6779,0.68,True
1093,SHREECEM,Mar 2024,20521,16003,4518.0,22.0,597,258,1897,2959,19.0,1733,480.0,16.0,27925,0.7349,0.73,True
1095,SHRIRAMFIN,Mar 2013,7009,1738,2179.0,31.0,7,3092,23,2163,32.0,1463,12.0,11.0,47274,0.1483,0.15,True
1096,SHRIRAMFIN,Mar 2014,8476,2244,1999.0,24.0,4,4233,33,1970,31.0,1358,11.0,12.0,52332,0.162,0.16,True
1097,SHRIRAMFIN,Mar 2015,9177,2781,1691.0,18.0,2,4706,43,1650,38.0,1028,8.0,22.0,62154,0.1476,0.15,True
1098,SHRIRAMFIN,Mar 2016,10359,3447,1824.0,18.0,3,5088,38,1789,34.0,1184,9.0,19.0,68013,0.1523,0.15,True
1099,SHRIRAMFIN,Mar 2017,10903,3712,1972.0,18.0,1,5219,35,1938,35.0,1266,10.0,7.0,74446,0.1465,0.15,True
1100,SHRIRAMFIN,Mar 2018,13502,3288,3805.0,28.0,127,6409,37,3896,35.0,2549,20.0,10.0,97360,0.1387,0.14,True
1101,SHRIRAMFIN,Mar 2019,15536,4171,3801.0,24.0,20,7564,43,3778,32.0,2576,20.0,11.0,105419,0.1474,0.15,True
1102,SHRIRAMFIN,Mar 2020,16561,4683,3565.0,22.0,14,8313,141,3439,27.0,2512,20.0,5.0,114266,0.1449,0.14,True
1103,SHRIRAMFIN,Mar 2021,17422,4932,3402.0,20.0,14,9089,137,3278,24.0,2499,18.0,18.0,129910,0.1341,0.13,True
1104,SHRIRAMFIN,Mar 2022,19255,5816,3666.0,19.0,18,9773,135,3549,24.0,2721,20.0,20.0,142268,0.1353,0.14,True
1105,SHRIRAMFIN,Mar 2023,30492,8706,8799.0,29.0,16,12987,601,8214,27.0,6020,32.0,22.0,210573,0.1448,0.14,True
1106,SHRIRAMFIN,Mar 2024,36388,10278,10523.0,29.0,25,15588,588,9960,26.0,7399,39.0,23.0,248266,0.1466,0.15,True
1108,SIEMENS,Sep 2011,11955,10784,1171.0,10.0,299,26,154,1290,33.0,868,,24.0,10158,1.1769,1.18,True
1109,SIEMENS,Sep 2014,10678,10559,119.0,1.0,985,31,229,844,28.0,603,17.0,35.0,10290,1.0377,1.04,True
1110,SIEMENS,Sep 2015,10563,9565,998.0,9.0,943,30,224,1688,30.0,1174,33.0,30.0,10576,0.9988,1.0,True
1111,SIEMENS,Sep 2016,10837,9815,1021.0,9.0,3156,11,228,3938,26.0,2914,82.0,41.0,11986,0.9041,0.9,True
1112,SIEMENS,Sep 2017,11065,10008,1056.0,10.0,818,8,198,1669,32.0,1137,32.0,22.0,13138,0.8422,0.84,True
1113,SIEMENS,Sep 2018,12795,11468,1327.0,10.0,280,8,198,1402,36.0,901,25.0,28.0,14336,0.8925,0.89,True
1114,SIEMENS,Sep 2019,13084,11594,1490.0,11.0,398,12,199,1678,34.0,1099,31.0,23.0,15358,0.8519,0.85,True
1115,SIEMENS,Sep 2020,9946,8944,1003.0,10.0,315,30,252,1036,26.0,769,22.0,32.0,15860,0.6271,0.63,True
1116,SIEMENS,Sep 2021,13198,11746,1452.0,11.0,321,24,297,1452,25.0,1089,31.0,26.0,18015,0.7326,0.73,True
1117,SIEMENS,Sep 2022,16138,14278,1860.0,12.0,487,36,317,1993,23.0,1543,43.0,23.0,20109,0.8025,0.8,True
1118,SIEMENS,Sep 2023,19554,17067,2487.0,13.0,496,23,321,2640,26.0,1962,55.0,18.0,21646,0.9034,0.9,True
1119,SIEMENS,Sep 2024,22240,19136,3104.0,14.0,925,60,330,3639,25.0,2718,76.0,16.0,25299,0.8791,0.88,True
1120,SUNPHARMA,Mar 2013,11131,6346,4784.0,43.0,-90,43,336,4315,20.0,3469,14.0,9.0,20377,0.5463,0.55,True
1121,SUNPHARMA,Mar 2014,16080,9078,7003.0,44.0,-1968,44,409,4581,15.0,3879,15.0,10.0,29095,0.5527,0.55,True
1122,SUNPHARMA,Mar 2015,27392,19498,7894.0,29.0,283,579,1195,6403,14.0,5476,22.0,14.0,48723,0.5622,0.56,True
1123,SUNPHARMA,Mar 2016,28487,20313,8174.0,29.0,-42,523,1038,6571,14.0,5658,19.0,5.0,55428,0.5139,0.51,True
1124,SUNPHARMA,Mar 2017,31578,21476,10102.0,32.0,610,400,1265,9048,13.0,7846,29.0,12.0,61095,0.5169,0.52,True
1125,SUNPHARMA,Mar 2018,26489,20858,5631.0,21.0,-135,518,1500,3479,26.0,2542,9.0,23.0,64297,0.412,0.41,True
1126,SUNPHARMA,Mar 2019,29066,22689,6377.0,22.0,-258,555,1753,3810,16.0,3208,11.0,25.0,64590,0.45,0.45,True
1127,SUNPHARMA,Mar 2020,32838,25855,6983.0,21.0,382,303,2053,5010,16.0,4172,16.0,25.0,68194,0.4815,0.48,True
1128,SUNPHARMA,Mar 2021,33498,25028,8470.0,25.0,-3449,141,2080,2799,18.0,2272,12.0,62.0,67622,0.4954,0.5,True
1129,SUNPHARMA,Mar 2022,38654,28397,10258.0,27.0,-3505,127,2144,4481,24.0,3389,14.0,73.0,69776,0.554,0.55,True
1130,SUNPHARMA,Mar 2023,43886,32235,11650.0,27.0,459,172,2529,9408,9.0,8513,35.0,33.0,80712,0.5437,0.54,True
1131,SUNPHARMA,Mar 2024,48497,35479,13018.0,28.0,865,238,2557,11088,13.0,9610,40.0,34.0,85308,0.5685,0.57,True
1133,TATACONSUM,Mar 2013,7351,6581,770.0,10.0,56,84,105,637,26.0,445,6.0,36.0,8794,0.8359,0.84,True
1134,TATACONSUM,Mar 2014,7738,6986,752.0,10.0,170,87,129,707,26.0,510,7.0,29.0,9911,0.7807,0.78,True
1135,TATACONSUM,Mar 2015,7993,7201,792.0,10.0,-77,82,133,500,43.0,273,4.0,6.0,9458,0.8451,0.85,True
1136,TATACONSUM,Mar 2016,6637,6271,366.0,6.0,38,117,117,170,99.0,-37,0.0,-999.0,9895,0.6707,0.67,True
1137,TATACONSUM,Mar 2017,6780,5988,791.0,12.0,88,43,126,662,30.0,455,6.0,38.0,9551,0.7099,0.71,True
1138,TATACONSUM,Mar 2018,6815,5976,839.0,12.0,73,52,116,753,25.0,556,8.0,30.0,10461,0.6515,0.65,True
1139,TATACONSUM,Mar 2019,7252,6466,786.0,11.0,124,78,123,735,36.0,457,6.0,39.0,10881,0.6665,0.67,True
1140,TATACONSUM,Mar 2020,9637,8345,1292.0,13.0,-163,69,242,809,34.0,460,5.0,54.0,18473,0.5217,0.52,True
1141,TATACONSUM,Mar 2021,11602,10058,1544.0,13.0,91,73,255,1311,24.0,930,9.0,44.0,20218,0.5738,0.57,True
1142,TATACONSUM,Mar 2022,12425,10707,1719.0,14.0,88,87,278,1456,26.0,1015,10.0,60.0,21075,0.5896,0.59,True
1143,TATACONSUM,Mar 2023,13783,11927,1856.0,13.0,328,130,304,1794,25.0,1320,12.0,65.0,22762,0.6055,0.61,True
1144,TATACONSUM,Mar 2024,15206,12922,2284.0,15.0,-81,87,377,1696,23.0,1215,12.0,64.0,27879,0.5454,0.55,True
1146,TATAMOTORS,Mar 2013,188793,164197,24596.0,13.0,213,3560,7601,13647,28.0,9976,35.0,6.0,168330,1.1216,1.12,True
1147,TATAMOTORS,Mar 2014,232834,197980,34853.0,15.0,-157,4749,11078,18869,25.0,14050,48.0,5.0,218426,1.066,1.07,True
1148,TATAMOTORS,Mar 2015,263159,223920,39239.0,15.0,714,4861,13389,21703,35.0,14073,48.0,0.0,237315,1.1089,1.11,True
1149,TATAMOTORS,Mar 2016,273046,234650,38395.0,14.0,-2670,4889,16711,14126,21.0,11678,40.0,1.0,263184,1.0375,1.04,True
1150,TATAMOTORS,Mar 2017,269693,240104,29589.0,11.0,1869,4238,17905,9315,35.0,7557,26.0,0.0,272580,0.9894,0.99,True
1151,TATAMOTORS,Mar 2018,291550,260093,31458.0,11.0,5933,4682,21554,11155,39.0,9091,31.0,0.0,327192,0.8911,0.89,True
1152,TATAMOTORS,Mar 2019,301938,277274,24664.0,8.0,-26686,5759,23591,-31371,-8.0,-28724,-100.0,0.0,305703,0.9877,0.99,True
1153,TATAMOTORS,Mar 2020,261068,243081,17987.0,7.0,102,7243,21425,-10580,4.0,-11975,-39.0,0.0,320179,0.8154,0.82,True
1154,TATAMOTORS,Mar 2021,249795,217507,32287.0,13.0,-11118,8097,23547,-10474,24.0,-13395,-41.0,0.0,341570,0.7313,0.73,True
1155,TATAMOTORS,Mar 2022,278454,253734,24720.0,9.0,2424,9312,24836,-7003,60.0,-11309,-34.0,0.0,329061,0.8462,0.85,True
1156,TATAMOTORS,Mar 2023,345967,314151,31816.0,9.0,6664,10225,24860,3394,21.0,2690,7.0,32.0,334674,1.0337,1.03,True
1157,TATAMOTORS,Mar 2024,437928,378389,59538.0,14.0,5673,9986,27270,27955,-14.0,31807,94.0,7.0,369521,1.1851,1.19,True
1159,TATAPOWER,Mar 2013,33177,27583,5595.0,17.0,375,2642,2052,1277,92.0,123,0.0,-319.0,67257,0.4933,0.49,True
1160,TATAPOWER,Mar 2014,35726,28810,6916.0,19.0,229,3440,2730,975,99.0,12,-1.0,-114.0,71383,0.5005,0.5,True
1161,TATAPOWER,Mar 2015,33593,27292,6301.0,19.0,1056,3699,2174,1484,72.0,457,1.0,210.0,75185,0.4468,0.45,True
1162,TATAPOWER,Mar 2016,29494,27389,2105.0,7.0,4060,3236,1649,1281,53.0,786,2.0,53.0,70057,0.421,0.42,True
1163,TATAPOWER,Mar 2017,27588,22114,5473.0,20.0,1297,3365,1956,1450,24.0,1100,3.0,39.0,82829,0.3331,0.33,True
1164,TATAPOWER,Mar 2018,26840,24545,2295.0,9.0,6586,3761,2346,2773,6.0,2611,9.0,15.0,81892,0.3277,0.33,True
1165,TATAPOWER,Mar 2019,29881,26811,3070.0,10.0,7186,4170,2393,3693,29.0,2606,9.0,15.0,84073,0.3554,0.36,True
1166,TATAPOWER,Mar 2020,29136,22331,6805.0,23.0,2280,4494,2634,1958,33.0,1316,4.0,41.0,89674,0.3249,0.32,True
1167,TATAPOWER,Mar 2021,32703,25782,6921.0,21.0,1775,4010,2745,1941,26.0,1439,4.0,44.0,98655,0.3315,0.33,True
1168,TATAPOWER,Mar 2022,42816,35785,7031.0,16.0,2486,3859,3122,2535,15.0,2156,5.0,32.0,112550,0.3804,0.38,True
1169,TATAPOWER,Mar 2023,55109,47381,7728.0,14.0,5540,4372,3439,5457,30.0,3810,10.0,19.0,128096,0.4302,0.43,True
1170,TATAPOWER,Mar 2024,61449,50714,10735.0,17.0,3416,4633,3786,5732,25.0,4280,12.0,17.0,139054,0.4419,0.44,True
1172,TATASTEEL,Mar 2013,134712,130746,3965.0,3.0,1445,3968,5575,-4133,78.0,-7272,-6.0,-11.0,146876,0.9172,0.92,True
1173,TATASTEEL,Mar 2014,148614,132430,16184.0,11.0,716,4337,5841,6722,45.0,3665,3.0,27.0,171604,0.866,0.87,True
1174,TATASTEEL,Mar 2015,139504,136095,3409.0,2.0,5994,4848,5944,-1388,99.0,-3939,-3.0,-20.0,159109,0.8768,0.88,True
1175,TATASTEEL,Mar 2016,101965,102590,-625.0,-1.0,10346,4221,5306,193,99.0,-497,0.0,-203.0,176884,0.5765,0.58,True
1176,TATASTEEL,Mar 2017,112299,99156,13144.0,12.0,-3789,5072,5673,-1391,99.0,-4169,-4.0,-23.0,172447,0.6512,0.65,True
1177,TATASTEEL,Mar 2018,123249,101816,21433.0,17.0,10898,5455,5742,21135,16.0,17743,12.0,9.0,208722,0.5905,0.59,True
1178,TATASTEEL,Mar 2019,157669,128351,29318.0,19.0,1524,7660,7342,15841,42.0,9122,9.0,15.0,232773,0.6774,0.68,True
1179,TATASTEEL,Mar 2020,139817,122354,17463.0,12.0,-2884,7533,8441,-1395,-99.0,1174,1.0,74.0,249149,0.5612,0.56,True
1180,TATASTEEL,Mar 2021,156294,125790,30504.0,20.0,180,7607,9234,13844,41.0,8190,6.0,40.0,243909,0.6408,0.64,True
1181,TATASTEEL,Mar 2022,243959,180469,63490.0,26.0,1300,5462,9101,50227,17.0,41749,33.0,16.0,282422,0.8638,0.86,True
1182,TATASTEEL,Mar 2023,243353,211053,32300.0,13.0,1569,6299,9335,18235,56.0,8075,7.0,50.0,285396,0.8527,0.85,True
1183,TATASTEEL,Mar 2024,229171,206923,22248.0,10.0,-6005,7508,9882,-1147,99.0,-4910,-4.0,-101.0,269312,0.8509,0.85,True
1185,TCS,Mar 2013,62989,44950,18040.0,29.0,1178,48,1080,18090,22.0,14076,36.0,31.0,51932,1.2129,1.21,True
1186,TCS,Mar 2014,81809,56657,25153.0,31.0,1637,39,1349,25402,24.0,19332,49.0,33.0,66829,1.2242,1.22,True
1187,TCS,Mar 2015,94648,70167,24482.0,26.0,3720,104,1799,26298,24.0,20060,51.0,78.0,73318,1.2909,1.29,True
1188,TCS,Mar 2016,108646,77969,30677.0,28.0,3084,33,1888,31840,24.0,24338,62.0,35.0,88291,1.2305,1.23,True
1189,TCS,Mar 2017,117966,85655,32311.0,27.0,4221,32,1987,34513,24.0,26357,67.0,35.0,102333,1.1528,1.15,True
1190,TCS,Mar 2018,123104,90588,32516.0,26.0,3642,52,2014,34092,24.0,25880,67.0,37.0,105126,1.171,1.17,True
1191,TCS,Mar 2019,146463,106957,39506.0,27.0,4311,198,2056,41563,24.0,31562,84.0,36.0,113901,1.2859,1.29,True
1192,TCS,Mar 2020,156949,114840,42109.0,27.0,4592,924,3529,42248,23.0,32447,86.0,85.0,120127,1.3065,1.31,True
1193,TCS,Mar 2021,164177,117631,46546.0,28.0,1916,637,4065,43760,26.0,32562,88.0,43.0,129992,1.263,1.26,True
1194,TCS,Mar 2022,191754,138697,53057.0,28.0,4018,784,4604,51687,26.0,38449,105.0,41.0,140924,1.3607,1.36,True
1195,TCS,Mar 2023,225458,166199,59259.0,26.0,3449,779,5022,56907,26.0,42303,115.0,100.0,142859,1.5782,1.58,True
1196,TCS,Mar 2024,240893,176597,64296.0,27.0,3464,778,4985,61997,26.0,46099,127.0,58.0,145472,1.6559,1.66,True
1198,TECHM,Mar 2013,6873,5451,1422.0,21.0,-141,103,200,978,24.0,1307,25.0,5.0,8984,0.765,0.77,False
1198,TECHM,Mar 2013,6873,5451,1422.0,21.0,-141,103,200,978,24.0,1307,25.0,5.0,8984,0.765,0.77,False
1198,TECHM,Mar 2013,6873,5451,1422.0,21.0,-141,103,200,978,24.0,1307,25.0,5.0,8984,0.765,0.77,False
1198,TECHM,Mar 2013,6873,5451,1422.0,21.0,-141,103,200,978,24.0,1307,25.0,5.0,8984,0.765,0.77,False
1199,TECHM,Mar 2014,18802,14630,4172.0,22.0,244,80,522,3815,20.0,3062,32.0,15.0,15940,1.1795,1.18,True
1199,TECHM,Mar 2014,18802,14630,4172.0,22.0,244,80,522,3815,20.0,3062,32.0,15.0,15940,1.1795,1.18,True
1199,TECHM,Mar 2014,18802,14630,4172.0,22.0,244,80,522,3815,20.0,3062,32.0,15.0,15940,1.1795,1.18,True
1199,TECHM,Mar 2014,18802,14630,4172.0,22.0,244,80,522,3815,20.0,3062,32.0,15.0,15940,1.1795,1.18,True
1200,TECHM,Mar 2015,22621,18428,4193.0,19.0,106,69,611,3618,27.0,2659,27.0,22.0,19848,1.1397,1.14,True
1200,TECHM,Mar 2015,22621,18428,4193.0,19.0,106,69,611,3618,27.0,2659,27.0,22.0,19848,1.1397,1.14,True
1200,TECHM,Mar 2015,22621,18428,4193.0,19.0,106,69,611,3618,27.0,2659,27.0,22.0,19848,1.1397,1.14,True
1200,TECHM,Mar 2015,22621,18428,4193.0,19.0,106,69,611,3618,27.0,2659,27.0,22.0,19848,1.1397,1.14,True
1201,TECHM,Mar 2016,26494,22234,4260.0,16.0,453,97,759,3857,22.0,3027,31.0,35.0,22525,1.1762,1.18,True
1201,TECHM,Mar 2016,26494,22234,4260.0,16.0,453,97,759,3857,22.0,3027,31.0,35.0,22525,1.1762,1.18,True
1201,TECHM,Mar 2016,26494,22234,4260.0,16.0,453,97,759,3857,22.0,3027,31.0,35.0,22525,1.1762,1.18,True
1201,TECHM,Mar 2016,26494,22234,4260.0,16.0,453,97,759,3857,22.0,3027,31.0,35.0,22525,1.1762,1.18,True
1202,TECHM,Mar 2017,29141,24956,4184.0,14.0,775,129,978,3853,26.0,2851,29.0,28.0,26057,1.1184,1.12,True
1202,TECHM,Mar 2017,29141,24956,4184.0,14.0,775,129,978,3853,26.0,2851,29.0,28.0,26057,1.1184,1.12,True
1202,TECHM,Mar 2017,29141,24956,4184.0,14.0,775,129,978,3853,26.0,2851,29.0,28.0,26057,1.1184,1.12,True
1202,TECHM,Mar 2017,29141,24956,4184.0,14.0,775,129,978,3853,26.0,2851,29.0,28.0,26057,1.1184,1.12,True
1203,TECHM,Mar 2018,30773,26063,4710.0,15.0,1417,162,1085,4879,22.0,3786,39.0,33.0,30431,1.0112,1.01,True
1203,TECHM,Mar 2018,30773,26063,4710.0,15.0,1417,162,1085,4879,22.0,3786,39.0,33.0,30431,1.0112,1.01,True
1203,TECHM,Mar 2018,30773,26063,4710.0,15.0,1417,162,1085,4879,22.0,3786,39.0,33.0,30431,1.0112,1.01,True
1203,TECHM,Mar 2018,30773,26063,4710.0,15.0,1417,162,1085,4879,22.0,3786,39.0,33.0,30431,1.0112,1.01,True
1204,TECHM,Mar 2019,34742,28471,6271.0,18.0,534,133,1129,5543,23.0,4289,44.0,29.0,33446,1.0387,1.04,True
1204,TECHM,Mar 2019,34742,28471,6271.0,18.0,534,133,1129,5543,23.0,4289,44.0,29.0,33446,1.0387,1.04,True
1204,TECHM,Mar 2019,34742,28471,6271.0,18.0,534,133,1129,5543,23.0,4289,44.0,29.0,33446,1.0387,1.04,True
1204,TECHM,Mar 2019,34742,28471,6271.0,18.0,534,133,1129,5543,23.0,4289,44.0,29.0,33446,1.0387,1.04,True
1205,TECHM,Mar 2020,36868,31365,5503.0,15.0,1192,192,1446,5058,23.0,3897,42.0,32.0,37318,0.9879,0.99,True
1205,TECHM,Mar 2020,36868,31365,5503.0,15.0,1192,192,1446,5058,23.0,3897,42.0,32.0,37318,0.9879,0.99,True
1205,TECHM,Mar 2020,36868,31365,5503.0,15.0,1192,192,1446,5058,23.0,3897,42.0,32.0,37318,0.9879,0.99,True
1205,TECHM,Mar 2020,36868,31365,5503.0,15.0,1192,192,1446,5058,23.0,3897,42.0,32.0,37318,0.9879,0.99,True
1206,TECHM,Mar 2021,37855,31059,6796.0,18.0,788,174,1458,5953,27.0,4353,46.0,89.0,39602,0.9559,0.96,True
1206,TECHM,Mar 2021,37855,31059,6796.0,18.0,788,174,1458,5953,27.0,4353,46.0,89.0,39602,0.9559,0.96,True
1206,TECHM,Mar 2021,37855,31059,6796.0,18.0,788,174,1458,5953,27.0,4353,46.0,89.0,39602,0.9559,0.96,True
1206,TECHM,Mar 2021,37855,31059,6796.0,18.0,788,174,1458,5953,27.0,4353,46.0,89.0,39602,0.9559,0.96,True
1207,TECHM,Mar 2022,44646,36626,8020.0,18.0,1115,163,1520,7452,24.0,5630,57.0,47.0,44416,1.0052,1.01,True
1207,TECHM,Mar 2022,44646,36626,8020.0,18.0,1115,163,1520,7452,24.0,5630,57.0,47.0,44416,1.0052,1.01,True
1207,TECHM,Mar 2022,44646,36626,8020.0,18.0,1115,163,1520,7452,24.0,5630,57.0,47.0,44416,1.0052,1.01,True
1207,TECHM,Mar 2022,44646,36626,8020.0,18.0,1115,163,1520,7452,24.0,5630,57.0,47.0,44416,1.0052,1.01,True
1208,TECHM,Mar 2023,53290,45527,7763.0,15.0,965,326,1957,6446,25.0,4857,50.0,91.0,45827,1.1629,1.16,True
1208,TECHM,Mar 2023,53290,45527,7763.0,15.0,965,326,1957,6446,25.0,4857,50.0,91.0,45827,1.1629,1.16,True
1208,TECHM,Mar 2023,53290,45527,7763.0,15.0,965,326,1957,6446,25.0,4857,50.0,91.0,45827,1.1629,1.16,True
1208,TECHM,Mar 2023,53290,45527,7763.0,15.0,965,326,1957,6446,25.0,4857,50.0,91.0,45827,1.1629,1.16,True
1209,TECHM,Mar 2024,51996,47489,4506.0,9.0,927,392,1817,3224,26.0,2397,24.0,150.0,43149,1.205,1.21,False
1209,TECHM,Mar 2024,51996,47489,4506.0,9.0,927,392,1817,3224,26.0,2397,24.0,150.0,43149,1.205,1.21,False
1209,TECHM,Mar 2024,51996,47489,4506.0,9.0,927,392,1817,3224,26.0,2397,24.0,150.0,43149,1.205,1.21,False
1209,TECHM,Mar 2024,51996,47489,4506.0,9.0,927,392,1817,3224,26.0,2397,24.0,150.0,43149,1.205,1.21,False
1211,TITAN,Mar 2013,10123,9109,1014.0,10.0,99,51,56,1006,28.0,725,8.0,26.0,5884,1.7204,1.72,True
1212,TITAN,Mar 2014,10927,9880,1047.0,10.0,117,87,68,1010,27.0,735,8.0,25.0,6111,1.7881,1.79,True
1213,TITAN,Mar 2015,11913,10761,1153.0,10.0,67,81,90,1049,22.0,816,9.0,25.0,5868,2.0302,2.03,True
1214,TITAN,Mar 2016,11276,10337,939.0,8.0,69,42,98,868,22.0,675,8.0,29.0,6342,1.778,1.78,True
1215,TITAN,Mar 2017,13261,12097,1164.0,9.0,-42,38,111,973,28.0,697,8.0,32.0,8408,1.5772,1.58,True
1216,TITAN,Mar 2018,16120,14476,1644.0,10.0,70,53,131,1530,28.0,1102,13.0,29.0,9521,1.6931,1.69,True
1217,TITAN,Mar 2019,19779,17785,1994.0,10.0,178,53,163,1957,29.0,1389,16.0,32.0,11710,1.6891,1.69,True
1218,TITAN,Mar 2020,21052,18589,2463.0,12.0,153,166,348,2102,29.0,1493,17.0,24.0,13544,1.5543,1.55,True
1219,TITAN,Mar 2021,21644,19919,1725.0,8.0,180,203,375,1327,27.0,974,11.0,37.0,16444,1.3162,1.32,True
1220,TITAN,Mar 2022,28799,25455,3344.0,12.0,177,218,399,2904,24.0,2198,24.0,31.0,21188,1.3592,1.36,True
1221,TITAN,Mar 2023,40575,35693,4882.0,12.0,306,300,441,4447,26.0,3274,37.0,27.0,27020,1.5017,1.5,True
1222,TITAN,Mar 2024,51084,45792,5292.0,10.0,534,619,584,4623,24.0,3496,39.0,28.0,31547,1.6193,1.62,True
1224,TORNTPHARM,Mar 2013,3203,2506,697.0,22.0,1,34,83,582,25.0,435,13.0,45.0,3753,0.8535,0.85,True
1225,TORNTPHARM,Mar 2014,4172,3216,955.0,23.0,34,59,87,844,21.0,664,20.0,25.0,5022,0.8307,0.83,True
1226,TORNTPHARM,Mar 2015,4636,3616,1020.0,22.0,286,175,191,940,20.0,751,22.0,25.0,7820,0.5928,0.59,True
1227,TORNTPHARM,Mar 2016,6687,3954,2733.0,41.0,32,184,238,2343,26.0,1733,51.0,34.0,8886,0.7525,0.75,True
1228,TORNTPHARM,Mar 2017,5816,4438,1377.0,24.0,223,206,307,1088,14.0,934,28.0,25.0,9601,0.6058,0.61,True
1229,TORNTPHARM,Mar 2018,5950,4601,1349.0,23.0,299,308,409,931,27.0,678,20.0,35.0,14243,0.4177,0.42,True
1230,TORNTPHARM,Mar 2019,7673,5690,1983.0,26.0,-300,504,618,562,22.0,436,13.0,66.0,14113,0.5437,0.54,True
1231,TORNTPHARM,Mar 2020,7939,5769,2170.0,27.0,121,451,654,1187,14.0,1025,30.0,53.0,14010,0.5667,0.57,True
1232,TORNTPHARM,Mar 2021,8005,5524,2480.0,31.0,57,353,658,1526,18.0,1252,37.0,47.0,14075,0.5687,0.57,True
1233,TORNTPHARM,Mar 2022,8508,6077,2431.0,29.0,-288,255,662,1226,37.0,777,23.0,105.0,12906,0.6592,0.66,True
1234,TORNTPHARM,Mar 2023,9620,6778,2842.0,30.0,45,333,707,1847,33.0,1245,37.0,60.0,14610,0.6585,0.66,True
1235,TORNTPHARM,Mar 2024,10728,7360,3368.0,31.0,146,354,808,2352,30.0,1656,49.0,57.0,14505,0.7396,0.74,True
1237,TRENT,Mar 2013,2132,2128,5.0,0.0,58,29,45,-10,99.0,-27,-1.0,-87.0,2209,0.9651,0.97,True
1238,TRENT,Mar 2014,2333,2343,-10.0,0.0,91,26,54,1,99.0,-19,-1.0,-125.0,1936,1.2051,1.21,True
1239,TRENT,Mar 2015,2284,2196,88.0,4.0,208,22,75,200,35.0,129,4.0,26.0,2207,1.0349,1.03,True
1240,TRENT,Mar 2016,1686,1596,90.0,5.0,86,48,39,90,39.0,55,2.0,54.0,2157,0.7816,0.78,True
1241,TRENT,Mar 2017,1812,1679,134.0,7.0,81,46,41,128,34.0,85,3.0,39.0,2222,0.8155,0.82,True
1242,TRENT,Mar 2018,2157,1949,208.0,10.0,27,44,46,147,41.0,87,3.0,44.0,2336,0.9234,0.92,True
1243,TRENT,Mar 2019,2630,2390,241.0,9.0,30,51,52,165,44.0,95,3.0,45.0,2559,1.0277,1.03,True
1244,TRENT,Mar 2020,3486,2957,529.0,15.0,147,263,247,165,36.0,106,3.0,29.0,5507,0.633,0.63,True
1245,TRENT,Mar 2021,2593,2479,114.0,4.0,199,261,257,-205,-12.0,-181,-4.0,-15.0,5724,0.453,0.45,True
1246,TRENT,Mar 2022,4498,3903,595.0,13.0,152,325,311,111,69.0,35,3.0,57.0,7726,0.5822,0.58,True
1247,TRENT,Mar 2023,8242,7128,1114.0,14.0,341,409,494,552,29.0,394,13.0,18.0,8082,1.0198,1.02,True
1248,TRENT,Mar 2024,12375,10404,1971.0,16.0,989,368,671,1921,23.0,1477,42.0,8.0,7162,1.7279,1.73,True
1250,TVSMOTOR,Mar 2013,7510,7072,438.0,6.0,130,103,176,290,32.0,198,4.0,30.0,3381,2.2212,2.22,True
1251,TVSMOTOR,Mar 2014,8384,7892,492.0,6.0,44,80,149,307,39.0,187,4.0,37.0,3632,2.3084,2.31,True
1252,TVSMOTOR,Mar 2015,10256,9650,605.0,6.0,80,62,179,444,28.0,328,7.0,28.0,4570,2.2442,2.24,True
1253,TVSMOTOR,Mar 2016,11377,10558,819.0,7.0,93,70,262,580,26.0,429,9.0,28.0,5146,2.2108,2.21,True
1254,TVSMOTOR,Mar 2017,12463,11591,871.0,7.0,163,60,317,658,23.0,509,11.0,23.0,6128,2.0338,2.03,True
1255,TVSMOTOR,Mar 2018,16340,14769,1571.0,10.0,71,338,374,931,29.0,665,14.0,24.0,13190,1.2388,1.24,True
1256,TVSMOTOR,Mar 2019,20160,17997,2163.0,11.0,25,663,442,1083,33.0,725,15.0,24.0,16696,1.2075,1.21,True
1257,TVSMOTOR,Mar 2020,18849,16585,2264.0,12.0,12,855,556,865,25.0,647,13.0,27.0,19272,0.9781,0.98,True
1258,TVSMOTOR,Mar 2021,19421,17189,2232.0,11.0,36,881,565,822,26.0,608,13.0,28.0,21865,0.8882,0.89,True
1259,TVSMOTOR,Mar 2022,24355,21601,2755.0,11.0,-5,940,743,1067,31.0,731,16.0,24.0,26919,0.9048,0.9,True
1260,TVSMOTOR,Mar 2023,31974,27947,4027.0,13.0,136,1368,859,1936,32.0,1309,28.0,18.0,35025,0.9129,0.91,True
1261,TVSMOTOR,Mar 2024,39145,33645,5500.0,14.0,106,1928,975,2703,34.0,1779,36.0,23.0,42024,0.9315,0.93,True
1263,ULTRACEMCO,Mar 2013,20514,15674,4839.0,24.0,304,252,1023,3867,30.0,2688,98.0,9.0,29582,0.6935,0.69,True
1264,ULTRACEMCO,Mar 2014,20730,16695,4035.0,19.0,322,361,1139,2858,23.0,2213,80.0,11.0,32185,0.6441,0.64,True
1265,ULTRACEMCO,Mar 2015,23306,18881,4425.0,19.0,350,587,1203,2986,30.0,2102,76.0,12.0,38053,0.6125,0.61,True
1266,ULTRACEMCO,Mar 2016,25153,20252,4901.0,19.0,464,566,1377,3421,28.0,2480,90.0,11.0,41193,0.6106,0.61,True
1267,ULTRACEMCO,Mar 2017,25375,20162,5212.0,21.0,648,640,1348,3872,30.0,2714,99.0,10.0,42209,0.6012,0.6,True
1268,ULTRACEMCO,Mar 2018,30979,24834,6145.0,20.0,242,1238,1848,3301,33.0,2224,81.0,13.0,57141,0.5422,0.54,True
1269,ULTRACEMCO,Mar 2019,41462,34115,7347.0,18.0,350,1778,2451,3468,31.0,2400,88.0,13.0,76525,0.5418,0.54,True
1270,ULTRACEMCO,Mar 2020,42430,33184,9246.0,22.0,651,1992,2723,5183,-11.0,5751,199.0,7.0,79214,0.5356,0.54,True
1271,ULTRACEMCO,Mar 2021,44726,33158,11568.0,26.0,619,1486,2700,8001,32.0,5462,189.0,20.0,86176,0.519,0.52,True
1272,ULTRACEMCO,Mar 2022,52599,41084,11514.0,22.0,669,945,2715,8524,14.0,7334,254.0,15.0,83811,0.6276,0.63,True
1273,ULTRACEMCO,Mar 2023,63240,52620,10620.0,17.0,507,823,2888,7416,32.0,5073,175.0,22.0,91380,0.6921,0.69,True
1274,ULTRACEMCO,Mar 2024,70908,57940,12969.0,18.0,567,968,3145,9422,26.0,7004,243.0,29.0,100797,0.7035,0.7,True
1276,UNIONBANK,Mar 2013,25169,7268,325.0,1.0,2868,17575,156,3037,30.0,2146,36.0,22.0,312912,0.0804,0.08,True
1277,UNIONBANK,Mar 2014,29394,8829,-902.0,-3.0,3141,21467,198,2040,18.0,1687,27.0,15.0,355013,0.0828,0.08,True
1278,UNIONBANK,Mar 2015,32164,9498,-973.0,-3.0,3957,23640,225,2759,36.0,1771,28.0,22.0,383566,0.0839,0.08,True
1279,UNIONBANK,Mar 2016,32316,10349,-1928.0,-6.0,3934,23894,249,1758,24.0,1347,20.0,10.0,407365,0.0793,0.08,True
1280,UNIONBANK,Mar 2017,32817,13871,-4830.0,-15.0,5430,23771,241,359,-58.0,573,8.0,0.0,455681,0.072,0.07,True
1281,UNIONBANK,Mar 2018,32952,21181,-11700.0,-36.0,5462,23471,368,-6607,-21.0,-5212,-45.0,0.0,491120,0.0671,0.07,True
1282,UNIONBANK,Mar 2019,34314,19019,-8601.0,-25.0,5042,23896,374,-3933,-25.0,-2922,-17.0,0.0,498581,0.0688,0.07,True
1283,UNIONBANK,Mar 2020,37479,21166,-9523.0,-25.0,5789,25837,417,-4151,-27.0,-3121,-9.0,0.0,555509,0.0675,0.07,True
1284,UNIONBANK,Mar 2021,69311,36270,-11071.0,-16.0,14307,44112,908,2327,-22.0,2863,4.0,0.0,1082377,0.064,0.06,True
1285,UNIONBANK,Mar 2022,68230,32264,-4213.0,-6.0,13524,40178,745,8566,39.0,5265,8.0,25.0,1193766,0.0572,0.06,True
1286,UNIONBANK,Mar 2023,81163,36155,-3024.0,-4.0,15915,48033,745,12147,31.0,8512,12.0,24.0,1288357,0.063,0.06,True
1287,UNIONBANK,Mar 2024,100376,32422,4590.0,5.0,17813,63364,895,21508,36.0,13797,18.0,20.0,1401996,0.0716,0.07,True
1362,INDIGO,Mar 2013,9203,73,8348.0,855.0,9,296,86,993,21.0,787,25647.0,70.0,26,353.9615,353.96,True
1363,INDIGO,Mar 2014,11117,123,10684.0,433.0,4,391,226,475,0.0,474,15454.0,80.0,35,317.6286,317.63,True
1364,INDIGO,Mar 2015,13925,150,12022.0,1904.0,14,395,302,1847,29.0,1304,42481.0,83.0,61,228.2787,228.28,True
1365,INDIGO,Mar 2016,16140,350,12976.0,3164.0,20,515,505,2824,30.0,1986,55.0,27.0,196,82.3469,82.35,True
1366,INDIGO,Mar 2017,18580,406,16362.0,2219.0,12,789,457,2144,23.0,1659,46.0,74.0,246,75.5285,75.53,True
1367,INDIGO,Mar 2018,23021,413,19991.0,3030.0,13,947,437,3127,28.0,2242,58.0,10.0,279,82.5125,82.51,True
1368,INDIGO,Mar 2019,28497,563,28648.0,-151.0,-1,1325,760,-149,-99.0,156,4.0,123.0,373,76.3995,76.4,True
1369,INDIGO,Mar 2020,35756,1902,31687.0,4069.0,11,1531,3974,-275,-10.0,-248,-6.0,0.0,422,84.7299,84.73,True
1370,INDIGO,Mar 2021,14641,2170,14638.0,2.0,0,1036,4699,-5830,0.0,-6171,-151.0,0.0,811,18.053,18.05,True
1371,INDIGO,Mar 2022,25931,2386,25373.0,558.0,2,725,5068,-6171,0.0,-317,-160.0,0.0,920,28.1859,28.19,True
1372,INDIGO,Mar 2023,54446,3168,47926.0,6521.0,12,1431,5101,-317,0.0,-317,-8.0,0.0,1062,51.2674,51.27,True
1373,INDIGO,Mar 2024,68904,4805,52573.0,16331.0,24,2326,6406,8043,-2.0,8167,212.0,0.0,1222,56.3863,56.39,True
